"SITE","SITECODE","TREAT","SPP","DBH_SUM","CAN_AV","CLUMP","STEM_COUNT","QUADRANT","TYPE","BASAL"
"STEESE","34_2",2,"SALIX",2.1,100,"CLUMP",4,2,"SAPLING",0.02405214
"STEESE","34_2",2,"SALIX",0.2,100,"IND",1,2,"SAPLING",0.00021816
"STEESE","34_2",2,"SALIX",0.9,100,"IND",1,2,"SAPLING",0.00441774
"STEESE","34_2",2,"SALIX",0.6,95,"IND",1,2,"SAPLING",0.00196344
"STEESE","34_2",2,"SALIX",0.3,100,"IND",1,2,"SAPLING",0.00049086
"STEESE","34_2",2,"SALIX",0.5,95,"IND",1,2,"SAPLING",0.0013635
"STEESE","34_2",2,"SALIX",0.5,95,"IND",1,2,"SAPLING",0.0013635
"STEESE","34_2",2,"SALIX",0.2,100,"IND",1,2,"SAPLING",0.00021816
"STEESE","34_2",2,"SALIX",0.5,100,"IND",1,2,"SAPLING",0.0013635
"STEESE","34_2",2,"SALIX",0.2,90,"IND",1,2,"SAPLING",0.00021816
"STEESE","34_2",2,"SALIX",0.5,70,"IND",1,2,"SAPLING",0.0013635
"STEESE","34_2",2,"SALIX",0.4,50,"IND",1,2,"SAPLING",0.00087264
"STEESE","34_2",2,"SALIX",0.9,20,"CLUMP",2,2,"SAPLING",0.00441774
"STEESE","34_2",2,"SALIX",0.5,100,"IND",1,2,"SAPLING",0.0013635
"STEESE","34_2",2,"SALIX",0.8,95,"IND",1,2,"SAPLING",0.00349056
"STEESE","34_2",2,"SALIX",0.3,100,"IND",1,2,"SAPLING",0.00049086
"STEESE","34_2",2,"SALIX",0.2,95,"IND",1,2,"SAPLING",0.00021816
"STEESE","34_2",2,"SALIX",0.7,40,"IND",1,2,"SAPLING",0.00267246
"STEESE","34_2",2,"SALIX",0.4,95,"IND",1,2,"SAPLING",0.00087264
"STEESE","34_2",2,"SALIX",0.4,95,"IND",1,2,"SAPLING",0.00087264
"STEESE","34_2",2,"SALIX",0.8,95,"IND",1,2,"SAPLING",0.00349056
"STEESE","34_2",2,"SALIX",0.4,100,"IND",1,2,"SAPLING",0.00087264
"STEESE","34_2",2,"SALIX",0.3,95,"IND",1,2,"SAPLING",0.00049086
"STEESE","34_2",2,"SALIX",0.3,100,"IND",1,2,"SAPLING",0.00049086
"STEESE","34_2",2,"SALIX",0.9,95,"IND",1,2,"SAPLING",0.00441774
"STEESE","34_2",2,"SALIX",0.5,80,"IND",1,2,"SAPLING",0.0013635
"STEESE","34_2",2,"SALIX",0.6,80,"IND",1,2,"SAPLING",0.00196344
"STEESE","34_2",2,"SALIX",0.3,100,"IND",1,2,"SAPLING",0.00049086
"STEESE","34_2",2,"SALIX",0.3,100,"IND",1,2,"SAPLING",0.00049086
"STEESE","34_2",2,"SALIX",0.5,95,"IND",1,2,"SAPLING",0.0013635
"STEESE","34_2",2,"SALIX",1.1,95,"IND",1,2,"SAPLING",0.00659934
"STEESE","34_2",2,"SALIX",0.7,100,"IND",1,2,"SAPLING",0.00267246
"STEESE","34_2",2,"SALIX",0.2,5,"IND",1,2,"SAPLING",0.00021816
"STEESE","34_2",2,"SALIX",0.3,95,"IND",1,2,"SAPLING",0.00049086
"STEESE","34_2",2,"SALIX",0.5,95,"IND",1,2,"SAPLING",0.0013635
"STEESE","34_2",2,"SALIX",0.5,95,"IND",1,2,"SAPLING",0.0013635
"STEESE","34_2",2,"SALIX",0.7,100,"IND",1,2,"SAPLING",0.00267246
"STEESE","34_2",2,"SALIX",1.1,90,"IND",1,2,"SAPLING",0.00659934
"STEESE","34_2",2,"SALIX",0.9,95,"IND",1,2,"SAPLING",0.00441774
"STEESE","34_2",2,"SALIX",0.5,90,"IND",1,2,"SAPLING",0.0013635
"STEESE","34_2",2,"SALIX",0.5,95,"IND",1,2,"SAPLING",0.0013635
"STEESE","34_2",2,"SALIX",0.4,95,"IND",1,2,"SAPLING",0.00087264
"STEESE","34_2",2,"BENE",0.3,95,"IND",1,2,"SAPLING",0.00049086
"STEESE","34_2",2,"SALIX",0.3,95,"IND",1,2,"SAPLING",0.00049086
"STEESE","34_2",2,"BENE",0.3,90,"IND",1,2,"SAPLING",0.00049086
"STEESE","34_2",2,"SALIX",0.5,40,"IND",1,2,"SAPLING",0.0013635
"STEESE","34_2",2,"SALIX",0.9,98.33333333,"CLUMP",3,2,"SAPLING",0.00441774
"STEESE","34_2",2,"BENE",0.5,95,"IND",1,2,"SAPLING",0.0013635
"STEESE","34_2",2,"SALIX",0.6,95,"IND",1,2,"SAPLING",0.00196344
"STEESE","34_2",2,"SALIX",0.5,100,"IND",1,2,"SAPLING",0.0013635
"STEESE","34_2",2,"SALIX",0.4,100,"IND",1,2,"SAPLING",0.00087264
"STEESE","34_2",2,"SALIX",0.3,95,"IND",1,2,"SAPLING",0.00049086
"STEESE","34_2",2,"SALIX",0.5,80,"IND",1,2,"SAPLING",0.0013635
"STEESE","34_2",2,"SALIX",0.5,80,"IND",1,2,"SAPLING",0.0013635
"STEESE","34_2",2,"SALIX",0.3,95,"IND",1,2,"SAPLING",0.00049086
"STEESE","34_2",2,"SALIX",0.5,95,"IND",1,2,"SAPLING",0.0013635
"STEESE","34_2",2,"SALIX",0.5,90,"IND",1,2,"SAPLING",0.0013635
"STEESE","34_2",2,"BENE",0.4,90,"IND",1,2,"SAPLING",0.00087264
"STEESE","34_2",2,"SALIX",1.8,65,"CLUMP",3,2,"SAPLING",0.01767096
"STEESE","34_2",2,"BENE",0.3,95,"IND",1,2,"SAPLING",0.00049086
"STEESE","34_2",2,"SALIX",1.3,98.33333333,"CLUMP",3,2,"SAPLING",0.00921726
"STEESE","34_2",2,"BENE",1,100,"IND",1,2,"SAPLING",0.005454
"STEESE","34_2",2,"SALIX",0.4,95,"IND",1,2,"SAPLING",0.00087264
"STEESE","34_2",2,"SALIX",0.7,100,"IND",1,2,"SAPLING",0.00267246
"STEESE","34_2",2,"BENE",0.2,90,"IND",1,2,"SAPLING",0.00021816
"STEESE","34_2",2,"SALIX",0.5,95,"IND",1,2,"SAPLING",0.0013635
"STEESE","34_2",2,"BENE",0.6,100,"IND",1,2,"SAPLING",0.00196344
"STEESE","34_2",2,"SALIX",0.6,90,"IND",1,2,"SAPLING",0.00196344
"STEESE","34_2",2,"BENE",1.2,100,"IND",1,2,"SAPLING",0.00785376
"STEESE","34_2",2,"POTR",0.1,100,"IND",1,2,"SAPLING",5.454e-05
"STEESE","34_2",2,"BENE",0.8,100,"IND",1,2,"SAPLING",0.00349056
"STEESE","34_2",2,"SALIX",0.5,95,"IND",1,2,"SAPLING",0.0013635
"STEESE","34_2",2,"SALIX",1.8,98.33333333,"CLUMP",3,2,"SAPLING",0.01767096
"STEESE","34_2",2,"SALIX",0.6,95,"IND",1,2,"SAPLING",0.00196344
"STEESE","34_2",2,"SALIX",0.8,90,"CLUMP",2,2,"SAPLING",0.00349056
"STEESE","34_2",2,"SALIX",0.5,100,"IND",1,2,"SAPLING",0.0013635
"STEESE","34_2",2,"SALIX",1.2,100,"CLUMP",2,2,"SAPLING",0.00785376
"STEESE","34_2",2,"SALIX",2.2,88.33333333,"CLUMP",3,2,"SAPLING",0.02639736
"STEESE","34_2",2,"SALIX",2.7,80,"CLUMP",4,2,"SAPLING",0.03975966
"STEESE","34_2",2,"SALIX",1.6,97.5,"CLUMP",4,2,"SAPLING",0.01396224
"STEESE","34_2",2,"SALIX",1.4,95,"CLUMP",2,2,"SAPLING",0.01068984
"STEESE","34_2",2,"SALIX",0.4,95,"IND",1,2,"SAPLING",0.00087264
"STEESE","34_2",2,"SALIX",0.4,100,"IND",1,2,"SAPLING",0.00087264
"STEESE","34_2",2,"SALIX",1.4,62.5,"CLUMP",2,2,"SAPLING",0.01068984
"STEESE","34_2",2,"SALIX",0.4,95,"IND",1,2,"SAPLING",0.00087264
"STEESE","34_2",2,"SALIX",2.1,80,"CLUMP",3,2,"SAPLING",0.02405214
"STEESE","34_2",2,"SALIX",1.8,78.33333333,"CLUMP",3,2,"SAPLING",0.01767096
"STEESE","34_2",2,"SALIX",0.9,90,"IND",1,2,"SAPLING",0.00441774
"STEESE","34_2",2,"SALIX",0.4,30,"IND",1,2,"SAPLING",0.00087264
"STEESE","34_2",2,"SALIX",0.3,100,"IND",1,2,"SAPLING",0.00049086
"STEESE","34_2",2,"SALIX",0.5,100,"IND",1,2,"SAPLING",0.0013635
"STEESE","34_2",2,"BENE",0.4,100,"IND",1,2,"SAPLING",0.00087264
"STEESE","34_2",2,"BENE",0.6,95,"IND",1,2,"SAPLING",0.00196344
"STEESE","34_2",2,"BENE",0.3,70,"IND",1,2,"SAPLING",0.00049086
"STEESE","34_2",2,"POTR",0.1,100,"IND",1,2,"SAPLING",5.454e-05
"STEESE","34_2",2,"SALIX",0.8,95,"IND",1,2,"SAPLING",0.00349056
"STEESE","34_2",2,"SALIX",0.1,95,"IND",1,2,"SAPLING",5.454e-05
"STEESE","34_2",2,"SALIX",0.6,80,"IND",1,2,"SAPLING",0.00196344
"STEESE","34_2",2,"SALIX",0.2,100,"IND",1,2,"SAPLING",0.00021816
"STEESE","34_2",2,"SALIX",0.3,100,"IND",1,2,"SAPLING",0.00049086
"STEESE","34_2",2,"SALIX",0.4,100,"IND",1,2,"SAPLING",0.00087264
"STEESE","34_2",2,"SALIX",0.7,100,"IND",1,2,"SAPLING",0.00267246
"STEESE","34_2",2,"POTR",0.9,80,"IND",1,2,"SAPLING",0.00441774
"STEESE","34_2",2,"SALIX",0.5,100,"IND",1,2,"SAPLING",0.0013635
"STEESE","34_2",2,"SALIX",0.7,100,"CLUMP",2,2,"SAPLING",0.00267246
"STEESE","34_2",2,"SALIX",0.3,100,"IND",1,2,"SAPLING",0.00049086
"STEESE","34_2",2,"SALIX",0.3,95,"IND",1,2,"SAPLING",0.00049086
"STEESE","34_2",2,"SALIX",0.4,95,"IND",1,2,"SAPLING",0.00087264
"STEESE","34_2",2,"SALIX",0.3,100,"IND",1,2,"SAPLING",0.00049086
"STEESE","34_2",2,"SALIX",0.3,100,"IND",1,2,"SAPLING",0.00049086
"STEESE","34_2",2,"SALIX",0.7,100,"IND",1,2,"SAPLING",0.00267246
"STEESE","34_2",2,"SALIX",0.4,90,"IND",1,2,"SAPLING",0.00087264
"STEESE","34_2",2,"SALIX",0.3,100,"IND",1,2,"SAPLING",0.00049086
"STEESE","34_2",2,"SALIX",0.3,100,"IND",1,2,"SAPLING",0.00049086
"STEESE","34_2",2,"SALIX",0.2,100,"IND",1,2,"SAPLING",0.00021816
"STEESE","34_2",2,"SALIX",0.1,100,"IND",1,2,"SAPLING",5.454e-05
"STEESE","34_2",2,"SALIX",0.4,100,"IND",1,2,"SAPLING",0.00087264
"STEESE","34_2",2,"SALIX",0.4,95,"IND",1,2,"SAPLING",0.00087264
"STEESE","34_2",2,"SALIX",0.4,95,"IND",1,2,"SAPLING",0.00087264
"STEESE","34_2",2,"SALIX",0.3,50,"IND",1,2,"SAPLING",0.00049086
"STEESE","34_2",2,"SALIX",0.5,45,"IND",1,2,"SAPLING",0.0013635
"STEESE","34_2",2,"SALIX",1.1,100,"CLUMP",2,2,"SAPLING",0.00659934
"STEESE","34_2",2,"SALIX",0.7,85,"IND",1,2,"SAPLING",0.00267246
"STEESE","34_2",2,"SALIX",0.7,95,"IND",1,2,"SAPLING",0.00267246
"STEESE","34_2",2,"SALIX",1.2,66.66666667,"CLUMP",3,2,"SAPLING",0.00785376
"STEESE","34_2",2,"SALIX",0.3,100,"IND",1,2,"SAPLING",0.00049086
"STEESE","34_2",2,"SALIX",2,70,"CLUMP",3,2,"SAPLING",0.021816
"STEESE","34_2",2,"SALIX",0.4,95,"IND",1,2,"SAPLING",0.00087264
"STEESE","34_2",2,"SALIX",0.5,100,"IND",1,2,"SAPLING",0.0013635
"STEESE","34_2",2,"SALIX",0.4,20,"IND",1,2,"SAPLING",0.00087264
"STEESE","34_2",2,"SALIX",1.2,85,"CLUMP",2,2,"SAPLING",0.00785376
"STEESE","34_2",2,"SALIX",0.2,100,"IND",1,2,"SAPLING",0.00021816
"STEESE","34_2",2,"BENE",5,95,"IND",1,2,"SAPLING",0.13635
"STEESE","34_2",2,"BENE",0.2,100,"IND",1,2,"SAPLING",0.00021816
"STEESE","34_2",2,"SALIX",0.7,100,"IND",1,2,"SAPLING",0.00267246
"STEESE","34_2",2,"SALIX",0.2,100,"IND",1,2,"SAPLING",0.00021816
"STEESE","22_3",3,"POTR",1.9,70,"IND",1,2,"SAPLING",0.01968894
"STEESE","22_3",3,"POTR",1.5,80,"IND",1,2,"SAPLING",0.0122715
"STEESE","22_3",3,"POTR",1,100,"IND",1,2,"SAPLING",0.005454
"STEESE","22_3",3,"SALIX",4.2,62,"CLUMP",5,2,"SAPLING",0.09620856
"STEESE","22_3",3,"POTR",0.5,95,"IND",1,2,"SAPLING",0.0013635
"STEESE","22_3",3,"POTR",1,60,"IND",1,2,"SAPLING",0.005454
"STEESE","22_3",3,"BENE",1.4,92.5,"CLUMP",2,2,"SAPLING",0.01068984
"STEESE","22_3",3,"SALIX",0.9,60,"IND",1,2,"SAPLING",0.00441774
"STEESE","22_3",3,"SALIX",1,50,"IND",1,2,"SAPLING",0.005454
"STEESE","22_3",3,"SALIX",0.4,50,"IND",1,2,"SAPLING",0.00087264
"STEESE","22_3",3,"POTR",1,70,"IND",1,2,"SAPLING",0.005454
"STEESE","22_3",3,"SALIX",0.2,70,"IND",1,2,"SAPLING",0.00021816
"STEESE","22_3",3,"POTR",1,40,"IND",1,2,"SAPLING",0.005454
"STEESE","22_3",3,"SALIX",0.7,80,"IND",1,2,"SAPLING",0.00267246
"STEESE","22_3",3,"SALIX",2.3,90,"CLUMP",4,2,"SAPLING",0.02885166
"STEESE","22_3",3,"POTR",0.9,90,"IND",1,2,"SAPLING",0.00441774
"STEESE","22_3",3,"SALIX",0.4,95,"IND",1,2,"SAPLING",0.00087264
"STEESE","22_3",3,"POTR",0.5,95,"IND",1,2,"SAPLING",0.0013635
"STEESE","22_3",3,"SALIX",0.2,100,"IND",1,2,"SAPLING",0.00021816
"STEESE","22_3",3,"POTR",0.2,100,"IND",1,2,"SAPLING",0.00021816
"STEESE","22_3",3,"POTR",1.5,80,"IND",1,2,"SAPLING",0.0122715
"STEESE","22_3",3,"SALIX",0.2,90,"IND",1,2,"SAPLING",0.00021816
"STEESE","22_3",3,"POTR",1.9,80,"IND",1,2,"SAPLING",0.01968894
"STEESE","22_3",3,"POTR",1,95,"IND",1,2,"SAPLING",0.005454
"STEESE","22_3",3,"SALIX",0.5,50,"IND",1,2,"SAPLING",0.0013635
"STEESE","22_3",3,"POTR",0.4,90,"IND",1,2,"SAPLING",0.00087264
"STEESE","22_3",3,"SALIX",1.3,40,"CLUMP",2,2,"SAPLING",0.00921726
"STEESE","22_3",3,"SALIX",1.6,75,"CLUMP",2,2,"SAPLING",0.01396224
"STEESE","22_3",3,"SALIX",0.8,90,"IND",1,2,"SAPLING",0.00349056
"STEESE","22_3",3,"SALIX",0.2,95,"IND",1,2,"SAPLING",0.00021816
"STEESE","22_3",3,"POTR",2.4,80,"CLUMP",2,2,"SAPLING",0.03141504
"STEESE","22_3",3,"POTR",1.9,80,"IND",1,2,"SAPLING",0.01968894
"STEESE","22_3",3,"SALIX",1.4,50,"CLUMP",3,2,"SAPLING",0.01068984
"STEESE","22_3",3,"ARCT",0.4,100,"CLUMP",2,2,"SAPLING",0.00087264
"STEESE","22_3",3,"SALIX",1.3,40,"IND",1,2,"SAPLING",0.00921726
"STEESE","22_3",3,"SALIX",1,40,"IND",1,2,"SAPLING",0.005454
"STEESE","22_3",3,"SALIX",0.5,40,"IND",1,2,"SAPLING",0.0013635
"STEESE","22_3",3,"POTR",0.3,70,"IND",1,2,"SAPLING",0.00049086
"STEESE","22_3",3,"ARCT",0.4,95,"CLUMP",3,2,"SAPLING",0.00087264
"STEESE","22_3",3,"POTR",2.5,80,"IND",1,2,"SAPLING",0.0340875
"STEESE","22_3",3,"BENE",0.2,100,"IND",1,2,"SAPLING",0.00021816
"STEESE","22_3",3,"POTR",1.4,95,"IND",1,2,"SAPLING",0.01068984
"STEESE","22_3",3,"BENE",0.7,95,"IND",1,2,"SAPLING",0.00267246
"STEESE","22_3",3,"POTR",1,95,"IND",1,2,"SAPLING",0.005454
"STEESE","22_3",3,"POTR",2.6,95,"IND",1,2,"SAPLING",0.03686904
"STEESE","22_3",3,"POTR",1,95,"IND",1,2,"SAPLING",0.005454
"STEESE","22_3",3,"SALIX",1.8,60,"IND",1,2,"SAPLING",0.01767096
"STEESE","22_3",3,"POTR",0.6,95,"IND",1,2,"SAPLING",0.00196344
"STEESE","22_3",3,"POTR",0.1,50,"IND",1,2,"SAPLING",5.454e-05
"STEESE","22_3",3,"BENE",0.2,100,"IND",1,2,"SAPLING",0.00021816
"STEESE","22_3",3,"POTR",2,80,"IND",1,2,"SAPLING",0.021816
"STEESE","22_3",3,"BENE",2.6,90,"IND",1,2,"SAPLING",0.03686904
"STEESE","22_3",3,"SALIX",2.6,85,"IND",1,2,"SAPLING",0.03686904
"STEESE","22_3",3,"SALIX",0.6,85,"IND",1,2,"SAPLING",0.00196344
"STEESE","22_3",3,"BENE",0.3,95,"IND",1,2,"SAPLING",0.00049086
"STEESE","22_3",3,"SALIX",0.2,40,"IND",1,2,"SAPLING",0.00021816
"STEESE","22_3",3,"BENE",0.3,100,"IND",1,2,"SAPLING",0.00049086
"STEESE","22_3",3,"SALIX",0.8,40,"IND",1,2,"SAPLING",0.00349056
"STEESE","22_3",3,"BENE",0.8,100,"IND",1,2,"SAPLING",0.00349056
"STEESE","22_3",3,"SALIX",0.8,50,"CLUMP",2,2,"SAPLING",0.00349056
"STEESE","22_3",3,"POTR",0.7,60,"IND",1,2,"SAPLING",0.00267246
"STEESE","22_3",3,"POTR",0.6,60,"IND",1,2,"SAPLING",0.00196344
"STEESE","22_3",3,"POTR",0.1,95,"IND",1,2,"SAPLING",5.454e-05
"STEESE","22_3",3,"SALIX",0.4,60,"IND",1,2,"SAPLING",0.00087264
"STEESE","22_3",3,"POTR",1.9,60,"IND",1,2,"SAPLING",0.01968894
"STEESE","22_3",3,"SALIX",1.3,80,"IND",1,2,"SAPLING",0.00921726
"STEESE","22_3",3,"SALIX",1.1,90,"IND",1,2,"SAPLING",0.00659934
"STEESE","22_3",3,"SALIX",0.8,40,"IND",1,2,"SAPLING",0.00349056
"STEESE","22_3",3,"PIME",0.9,100,"IND",1,2,"SAPLING",0.00441774
"STEESE","22_3",3,"SALIX",1,68.33333333,"CLUMP",3,2,"SAPLING",0.005454
"STEESE","22_3",3,"BENE",0.3,75,"IND",1,2,"SAPLING",0.00049086
"STEESE","22_3",3,"SALIX",0.2,60,"IND",1,2,"SAPLING",0.00021816
"STEESE","22_3",3,"BENE",0.7,97.5,"CLUMP",2,2,"SAPLING",0.00267246
"STEESE","22_3",3,"BENE",0.3,80,"IND",1,2,"SAPLING",0.00049086
"STEESE","22_3",3,"POTR",0.5,40,"IND",1,2,"SAPLING",0.0013635
"STEESE","22_3",3,"BENE",0.8,95,"CLUMP",2,2,"SAPLING",0.00349056
"STEESE","22_3",3,"POTR",0.3,95,"IND",1,2,"SAPLING",0.00049086
"STEESE","22_3",3,"BENE",1,100,"IND",1,2,"SAPLING",0.005454
"STEESE","22_3",3,"BENE",0.4,100,"IND",1,2,"SAPLING",0.00087264
"STEESE","22_3",3,"BENE",2.1,97.5,"CLUMP",2,2,"SAPLING",0.02405214
"STEESE","22_3",3,"POTR",2.5,95,"IND",1,2,"SAPLING",0.0340875
"STEESE","22_3",3,"POTR",3.5,95,"IND",1,2,"SAPLING",0.0668115
"STEESE","22_3",3,"SALIX",1.3,72.5,"CLUMP",2,2,"SAPLING",0.00921726
"STEESE","22_3",3,"POTR",0.2,80,"IND",1,2,"SAPLING",0.00021816
"STEESE","22_3",3,"POTR",0.2,95,"IND",1,2,"SAPLING",0.00021816
"STEESE","22_3",3,"SALIX",0.5,90,"IND",1,2,"SAPLING",0.0013635
"STEESE","22_3",3,"SALIX",2.2,90,"CLUMP",7,2,"SAPLING",0.02639736
"STEESE","22_3",3,"POTR",0.5,90,"IND",1,2,"SAPLING",0.0013635
"STEESE","22_3",3,"SALIX",1.1,90,"IND",1,2,"SAPLING",0.00659934
"STEESE","22_3",3,"SALIX",0.2,95,"IND",1,2,"SAPLING",0.00021816
"STEESE","22_3",3,"POTR",2.6,95,"IND",1,2,"SAPLING",0.03686904
"STEESE","22_3",3,"SALIX",0.8,80,"IND",1,2,"SAPLING",0.00349056
"STEESE","22_3",3,"SALIX",0.3,95,"IND",1,2,"SAPLING",0.00049086
"STEESE","22_3",3,"POTR",0.8,85,"IND",1,2,"SAPLING",0.00349056
"STEESE","22_3",3,"SALIX",1.8,90,"CLUMP",2,2,"SAPLING",0.01767096
"STEESE","22_3",3,"SALIX",0.5,90,"IND",1,2,"SAPLING",0.0013635
"STEESE","22_3",3,"SALIX",0.3,90,"IND",1,2,"SAPLING",0.00049086
"STEESE","22_3",3,"SALIX",2.1,86.66666667,"CLUMP",3,2,"SAPLING",0.02405214
"STEESE","22_3",3,"SALIX",0.3,70,"IND",1,2,"SAPLING",0.00049086
"STEESE","22_3",3,"POTR",3.2,90,"IND",1,2,"SAPLING",0.05584896
"STEESE","22_3",3,"SALIX",0.7,95,"IND",1,2,"SAPLING",0.00267246
"STEESE","22_3",3,"POTR",1.9,90,"IND",1,2,"SAPLING",0.01968894
"STEESE","22_3",3,"POTR",0.2,95,"IND",1,2,"SAPLING",0.00021816
"STEESE","22_3",3,"SALIX",0.4,70,"IND",1,2,"SAPLING",0.00087264
"STEESE","22_3",3,"POTR",2.5,95,"IND",1,2,"SAPLING",0.0340875
"STEESE","22_3",3,"SALIX",0.7,60,"IND",1,2,"SAPLING",0.00267246
"STEESE","22_3",3,"POTR",2.4,95,"IND",1,2,"SAPLING",0.03141504
"STEESE","22_3",3,"POTR",0.4,40,"IND",1,2,"SAPLING",0.00087264
"STEESE","22_3",3,"POTR",3.2,95,"IND",1,2,"SAPLING",0.05584896
"STEESE","22_3",3,"SALIX",0.9,85,"IND",1,2,"SAPLING",0.00441774
"STEESE","22_3",3,"POTR",1.9,95,"IND",1,2,"SAPLING",0.01968894
"STEESE","22_3",3,"SALIX",6,67,"CLUMP",5,2,"SAPLING",0.196344
"STEESE","22_3",3,"POTR",1.2,95,"IND",1,2,"SAPLING",0.00785376
"STEESE","22_3",3,"SALIX",0.7,95,"IND",1,2,"SAPLING",0.00267246
"STEESE","22_3",3,"SALIX",0.6,85,"IND",1,2,"SAPLING",0.00196344
"STEESE","22_3",3,"POTR",2.5,95,"IND",1,2,"SAPLING",0.0340875
"STEESE","22_3",3,"POTR",0.9,95,"IND",1,2,"SAPLING",0.00441774
"STEESE","22_3",3,"SALIX",0.8,90,"IND",1,2,"SAPLING",0.00349056
"STEESE","22_3",3,"SALIX",0.7,80,"IND",1,2,"SAPLING",0.00267246
"STEESE","22_3",3,"SALIX",0.6,70,"IND",1,2,"SAPLING",0.00196344
"STEESE","22_3",3,"SALIX",0.2,95,"IND",1,2,"SAPLING",0.00021816
"STEESE","22_3",3,"SALIX",0.2,60,"IND",1,2,"SAPLING",0.00021816
"STEESE","22_3",3,"POTR",0.4,95,"IND",1,2,"SAPLING",0.00087264
"STEESE","22_3",3,"SALIX",3.8,60.625,"CLUMP",8,2,"SAPLING",0.07875576
"STEESE","22_3",3,"SALIX",2.9,93.75,"CLUMP",4,2,"SAPLING",0.04586814
"STEESE","22_3",3,"POTR",2.3,90,"IND",1,2,"SAPLING",0.02885166
"STEESE","22_3",3,"SALIX",0.5,80,"IND",1,2,"SAPLING",0.0013635
"STEESE","22_3",3,"SALIX",0.1,90,"IND",1,2,"SAPLING",5.454e-05
"STEESE","22_3",3,"POTR",2.9,95,"IND",1,2,"SAPLING",0.04586814
"STEESE","22_3",3,"POTR",1.2,70,"IND",1,2,"SAPLING",0.00785376
"STEESE","22_3",3,"SALIX",1,40,"IND",1,2,"SAPLING",0.005454
"STEESE","22_3",3,"SALIX",3.9,87.5,"CLUMP",4,2,"SAPLING",0.08295534
"STEESE","22_3",3,"POTR",0.4,80,"IND",1,2,"SAPLING",0.00087264
"STEESE","22_3",3,"POTR",0.2,60,"IND",1,2,"SAPLING",0.00021816
"STEESE","22_3",3,"SALIX",0.7,90,"IND",1,2,"SAPLING",0.00267246
"STEESE","22_3",3,"POTR",0.9,80,"IND",1,2,"SAPLING",0.00441774
"STEESE","22_3",3,"POTR",1.4,80,"IND",1,2,"SAPLING",0.01068984
"STEESE","22_3",3,"SALIX",1.6,70,"IND",1,2,"SAPLING",0.01396224
"STEESE","22_3",3,"SALIX",0.5,90,"IND",1,2,"SAPLING",0.0013635
"STEESE","22_3",3,"SALIX",1.7,82.5,"CLUMP",2,2,"SAPLING",0.01576206
"STEESE","22_3",3,"ARCT",0.9,96,"CLUMP",5,2,"SAPLING",0.00441774
"STEESE","17_3",3,"SALIX",0.2,100,"IND",1,2,"SAPLING",0.00021816
"STEESE","17_3",3,"POTR",2.1,95,"IND",1,2,"SAPLING",0.02405214
"STEESE","17_3",3,"POTR",0.8,95,"IND",1,2,"SAPLING",0.00349056
"STEESE","17_3",3,"POTR",1,95,"IND",1,2,"SAPLING",0.005454
"STEESE","17_3",3,"SALIX",0.2,95,"IND",1,2,"SAPLING",0.00021816
"STEESE","17_3",3,"POTR",0.6,90,"IND",1,2,"SAPLING",0.00196344
"STEESE","17_3",3,"POTR",1.4,90,"IND",1,2,"SAPLING",0.01068984
"STEESE","17_3",3,"SALIX",0.2,100,"IND",1,2,"SAPLING",0.00021816
"STEESE","17_3",3,"POTR",0.2,95,"IND",1,2,"SAPLING",0.00021816
"STEESE","17_3",3,"POTR",0.2,95,"IND",1,2,"SAPLING",0.00021816
"STEESE","17_3",3,"POTR",0.7,100,"IND",1,2,"SAPLING",0.00267246
"STEESE","17_3",3,"SALIX",0.7,90,"IND",1,2,"SAPLING",0.00267246
"STEESE","17_3",3,"SALIX",0.6,95,"IND",1,2,"SAPLING",0.00196344
"STEESE","17_3",3,"POTR",3.2,100,"IND",1,2,"SAPLING",0.05584896
"STEESE","17_3",3,"POTR",0.6,95,"IND",1,2,"SAPLING",0.00196344
"STEESE","17_3",3,"POTR",0.6,100,"IND",1,2,"SAPLING",0.00196344
"STEESE","17_3",3,"POTR",1.6,95,"IND",1,2,"SAPLING",0.01396224
"STEESE","17_3",3,"SALIX",0.1,100,"IND",1,2,"SAPLING",5.454e-05
"STEESE","17_3",3,"POTR",1.4,85,"IND",1,2,"SAPLING",0.01068984
"STEESE","17_3",3,"POTR",0.4,95,"IND",1,2,"SAPLING",0.00087264
"STEESE","17_3",3,"POTR",0.4,75,"IND",1,2,"SAPLING",0.00087264
"STEESE","17_3",3,"POTR",1.2,100,"IND",1,2,"SAPLING",0.00785376
"STEESE","17_3",3,"POTR",1.2,90,"IND",1,2,"SAPLING",0.00785376
"STEESE","17_3",3,"POTR",2.1,80,"IND",1,2,"SAPLING",0.02405214
"STEESE","17_3",3,"SALIX",0.4,100,"IND",1,2,"SAPLING",0.00087264
"STEESE","17_3",3,"POTR",0.2,90,"IND",1,2,"SAPLING",0.00021816
"STEESE","17_3",3,"POTR",1,100,"IND",1,2,"SAPLING",0.005454
"STEESE","17_3",3,"SALIX",0.3,95,"IND",1,2,"SAPLING",0.00049086
"STEESE","17_3",3,"SALIX",0.2,100,"IND",1,2,"SAPLING",0.00021816
"STEESE","17_3",3,"SALIX",1.7,87.5,"CLUMP",2,2,"SAPLING",0.01576206
"STEESE","17_3",3,"POTR",0.6,100,"IND",1,2,"SAPLING",0.00196344
"STEESE","17_3",3,"POTR",1.1,90,"IND",1,2,"SAPLING",0.00659934
"STEESE","17_3",3,"SALIX",1,90,"IND",1,2,"SAPLING",0.005454
"STEESE","17_3",3,"POTR",2.5,100,"IND",1,2,"SAPLING",0.0340875
"STEESE","17_3",3,"POTR",1.9,90,"IND",1,2,"SAPLING",0.01968894
"STEESE","17_3",3,"POTR",1,100,"IND",1,2,"SAPLING",0.005454
"STEESE","17_3",3,"SALIX",9.6,95.45454545,"CLUMP",11,2,"SAPLING",0.50264064
"STEESE","17_3",3,"POTR",0.2,100,"IND",1,2,"SAPLING",0.00021816
"STEESE","17_3",3,"POTR",0.3,100,"IND",1,2,"SAPLING",0.00049086
"STEESE","17_3",3,"SALIX",0.3,95,"IND",1,2,"SAPLING",0.00049086
"STEESE","17_3",3,"POTR",0.7,100,"IND",1,2,"SAPLING",0.00267246
"STEESE","17_3",3,"POTR",2.1,90,"IND",1,2,"SAPLING",0.02405214
"STEESE","17_3",3,"POTR",4,95,"IND",1,2,"SAPLING",0.087264
"STEESE","17_3",3,"POTR",0.8,100,"IND",1,2,"SAPLING",0.00349056
"STEESE","17_3",3,"SALIX",0.2,100,"IND",1,2,"SAPLING",0.00021816
"STEESE","17_3",3,"POTR",0.7,100,"IND",1,2,"SAPLING",0.00267246
"STEESE","17_3",3,"SALIX",1.1,97.5,"CLUMP",2,2,"SAPLING",0.00659934
"STEESE","17_3",3,"SALIX",0.2,100,"IND",1,2,"SAPLING",0.00021816
"STEESE","17_3",3,"POTR",0.6,100,"IND",1,2,"SAPLING",0.00196344
"STEESE","17_3",3,"POTR",1.6,90,"IND",1,2,"SAPLING",0.01396224
"STEESE","17_3",3,"POTR",1.7,100,"IND",1,2,"SAPLING",0.01576206
"STEESE","17_3",3,"SALIX",0.5,95,"IND",1,2,"SAPLING",0.0013635
"STEESE","17_3",3,"POTR",1.2,100,"IND",1,2,"SAPLING",0.00785376
"STEESE","17_3",3,"SALIX",2.9,91,"CLUMP",5,2,"SAPLING",0.04586814
"STEESE","17_3",3,"POTR",1.2,100,"IND",1,2,"SAPLING",0.00785376
"STEESE","17_3",3,"SALIX",1.1,100,"CLUMP",2,2,"SAPLING",0.00659934
"STEESE","17_3",3,"SALIX",0.6,95,"IND",1,2,"SAPLING",0.00196344
"STEESE","17_3",3,"SALIX",1.2,95,"IND",1,2,"SAPLING",0.00785376
"STEESE","17_3",3,"POTR",0.2,100,"IND",1,2,"SAPLING",0.00021816
"STEESE","17_3",3,"POTR",1.8,100,"IND",1,2,"SAPLING",0.01767096
"STEESE","17_3",3,"SALIX",0.4,95,"IND",1,2,"SAPLING",0.00087264
"STEESE","17_3",3,"POTR",1.5,100,"IND",1,2,"SAPLING",0.0122715
"STEESE","17_3",3,"SALIX",0.6,95,"IND",1,2,"SAPLING",0.00196344
"STEESE","17_3",3,"POTR",0.4,100,"IND",1,2,"SAPLING",0.00087264
"STEESE","17_3",3,"POTR",0.5,95,"IND",1,2,"SAPLING",0.0013635
"STEESE","17_3",3,"POTR",1.1,100,"IND",1,2,"SAPLING",0.00659934
"STEESE","17_3",3,"SALIX",3.5,91.66666667,"CLUMP",3,2,"SAPLING",0.0668115
"STEESE","17_3",3,"SALIX",0.3,100,"IND",1,2,"SAPLING",0.00049086
"STEESE","17_3",3,"SALIX",0.4,100,"IND",1,2,"SAPLING",0.00087264
"STEESE","17_3",3,"SALIX",0.9,95,"IND",1,2,"SAPLING",0.00441774
"STEESE","17_3",3,"POTR",1.6,90,"IND",1,2,"SAPLING",0.01396224
"STEESE","17_3",3,"POTR",1.8,95,"IND",1,2,"SAPLING",0.01767096
"STEESE","17_3",3,"SALIX",1.9,96.66666667,"CLUMP",3,2,"SAPLING",0.01968894
"STEESE","17_3",3,"POTR",0.6,100,"IND",1,2,"SAPLING",0.00196344
"STEESE","17_3",3,"SALIX",0.5,100,"IND",1,2,"SAPLING",0.0013635
"STEESE","17_3",3,"POTR",1.9,95,"IND",1,2,"SAPLING",0.01968894
"STEESE","17_3",3,"POTR",2.8,95,"IND",1,2,"SAPLING",0.04275936
"STEESE","17_3",3,"SALIX",1.2,100,"IND",1,2,"SAPLING",0.00785376
"STEESE","17_3",3,"POTR",1.7,9,"IND",1,2,"SAPLING",0.01576206
"STEESE","17_3",3,"SALIX",0.2,100,"IND",1,2,"SAPLING",0.00021816
"STEESE","17_3",3,"SALIX",0.2,95,"IND",1,2,"SAPLING",0.00021816
"STEESE","17_3",3,"POTR",0.2,100,"IND",1,2,"SAPLING",0.00021816
"STEESE","17_3",3,"POTR",1.6,95,"IND",1,2,"SAPLING",0.01396224
"STEESE","17_3",3,"POTR",1.6,95,"IND",1,2,"SAPLING",0.01396224
"STEESE","17_3",3,"POTR",0.8,95,"IND",1,2,"SAPLING",0.00349056
"STEESE","17_3",3,"POTR",2.7,95,"IND",1,2,"SAPLING",0.03975966
"STEESE","17_3",3,"POTR",1.9,95,"IND",1,2,"SAPLING",0.01968894
"STEESE","17_3",3,"SALIX",1.1,100,"IND",1,2,"SAPLING",0.00659934
"STEESE","17_3",3,"SALIX",0.9,87.5,"CLUMP",2,2,"SAPLING",0.00441774
"STEESE","17_3",3,"POTR",0.4,100,"IND",1,2,"SAPLING",0.00087264
"STEESE","17_3",3,"POTR",1.9,90,"IND",1,2,"SAPLING",0.01968894
"STEESE","17_3",3,"SALIX",0.9,100,"IND",1,2,"SAPLING",0.00441774
"STEESE","17_3",3,"POTR",1,90,"IND",1,2,"SAPLING",0.005454
"STEESE","17_3",3,"SALIX",0.2,100,"IND",1,2,"SAPLING",0.00021816
"STEESE","17_3",3,"POTR",0.2,90,"IND",1,2,"SAPLING",0.00021816
"STEESE","17_3",3,"POTR",1.7,100,"IND",1,2,"SAPLING",0.01576206
"STEESE","17_3",3,"SALIX",0.4,95,"IND",1,2,"SAPLING",0.00087264
"STEESE","17_3",3,"POTR",1.6,95,"IND",1,2,"SAPLING",0.01396224
"STEESE","17_3",3,"POTR",0.7,100,"IND",1,2,"SAPLING",0.00267246
"STEESE","17_3",3,"SALIX",1.6,90,"IND",1,2,"SAPLING",0.01396224
"STEESE","17_3",3,"SALIX",0.6,100,"CLUMP",2,2,"SAPLING",0.00196344
"STEESE","17_3",3,"POTR",0.2,90,"IND",1,2,"SAPLING",0.00021816
"STEESE","17_3",3,"POTR",1.4,95,"IND",1,2,"SAPLING",0.01068984
"STEESE","17_3",3,"SALIX",0.3,100,"IND",1,2,"SAPLING",0.00049086
"STEESE","17_3",3,"SALIX",2.8,93.75,"CLUMP",4,2,"SAPLING",0.04275936
"STEESE","17_3",3,"SALIX",0.7,100,"IND",1,2,"SAPLING",0.00267246
"STEESE","17_3",3,"SALIX",0.3,100,"IND",1,2,"SAPLING",0.00049086
"STEESE","17_3",3,"POTR",0.8,90,"IND",1,2,"SAPLING",0.00349056
"STEESE","17_3",3,"SALIX",0.4,100,"IND",1,2,"SAPLING",0.00087264
"STEESE","17_3",3,"SALIX",0.7,95,"IND",1,2,"SAPLING",0.00267246
"STEESE","17_3",3,"POTR",1.7,90,"IND",1,2,"SAPLING",0.01576206
"STEESE","17_3",3,"SALIX",0.6,100,"IND",1,2,"SAPLING",0.00196344
"STEESE","17_3",3,"POTR",0.4,95,"IND",1,2,"SAPLING",0.00087264
"STEESE","17_3",3,"SALIX",0.2,100,"IND",1,2,"SAPLING",0.00021816
"STEESE","17_3",3,"POTR",1.4,95,"IND",1,2,"SAPLING",0.01068984
"STEESE","17_3",3,"SALIX",0.3,100,"IND",1,2,"SAPLING",0.00049086
"STEESE","17_3",3,"POTR",1.3,90,"IND",1,2,"SAPLING",0.00921726
"STEESE","17_3",3,"POTR",0.9,100,"IND",1,2,"SAPLING",0.00441774
"STEESE","17_3",3,"SALIX",0.4,90,"IND",1,2,"SAPLING",0.00087264
"STEESE","17_3",3,"POTR",2.1,100,"IND",1,2,"SAPLING",0.02405214
"STEESE","17_3",3,"POTR",1.5,90,"IND",1,2,"SAPLING",0.0122715
"STEESE","17_3",3,"SALIX",0.4,90,"IND",1,2,"SAPLING",0.00087264
"STEESE","17_3",3,"BENE",0.4,100,"IND",1,2,"SAPLING",0.00087264
"STEESE","17_3",3,"ARCT",0.4,100,"IND",1,2,"SAPLING",0.00087264
"STEESE","17_3",3,"POTR",0.6,75,"IND",1,2,"SAPLING",0.00196344
"STEESE","17_3",3,"BENE",0.7,100,"IND",1,2,"SAPLING",0.00267246
"STEESE","17_3",3,"POTR",2.2,95,"IND",1,2,"SAPLING",0.02639736
"STEESE","17_3",3,"POTR",1.8,100,"CLUMP",2,2,"SAPLING",0.01767096
"STEESE","17_3",3,"SALIX",0.3,100,"IND",1,2,"SAPLING",0.00049086
"STEESE","17_3",3,"POTR",0.2,70,"IND",1,2,"SAPLING",0.00021816
"STEESE","17_3",3,"SALIX",2.3,100,"CLUMP",3,2,"SAPLING",0.02885166
"STEESE","17_3",3,"SALIX",0.5,70,"IND",1,2,"SAPLING",0.0013635
"STEESE","17_3",3,"SALIX",0.2,100,"IND",1,2,"SAPLING",0.00021816
"STEESE","17_3",3,"POTR",2,100,"IND",1,2,"SAPLING",0.021816
"STEESE","17_3",3,"POTR",0.9,70,"IND",1,2,"SAPLING",0.00441774
"STEESE","17_3",3,"POTR",1.2,100,"IND",1,2,"SAPLING",0.00785376
"STEESE","17_3",3,"POTR",0.2,100,"IND",1,2,"SAPLING",0.00021816
"STEESE","17_3",3,"SALIX",0.2,60,"IND",1,2,"SAPLING",0.00021816
"STEESE","17_3",3,"SALIX",0.3,100,"IND",1,2,"SAPLING",0.00049086
"STEESE","17_3",3,"SALIX",0.1,90,"IND",1,2,"SAPLING",5.454e-05
"STEESE","17_3",3,"SALIX",1.5,100,"CLUMP",3,2,"SAPLING",0.0122715
"STEESE","17_3",3,"POTR",0.2,100,"IND",1,2,"SAPLING",0.00021816
"STEESE","17_3",3,"POTR",1.7,95,"IND",1,2,"SAPLING",0.01576206
"STEESE","17_3",3,"POTR",9.7,95,"IND",8,2,"SAPLING",0.51316686
"STEESE","17_3",3,"POTR",0.4,70,"IND",1,2,"SAPLING",0.00087264
"STEESE","17_3",3,"POTR",1,90,"IND",1,2,"SAPLING",0.005454
"STEESE","17_3",3,"POTR",1.7,100,"IND",1,2,"SAPLING",0.01576206
"STEESE","17_3",3,"SALIX",1.6,95,"CLUMP",2,2,"SAPLING",0.01396224
"STEESE","17_3",3,"SALIX",0.3,47.5,"CLUMP",2,2,"SAPLING",0.00049086
"STEESE","17_3",3,"ARCT",1,100,"CLUMP",5,2,"SAPLING",0.005454
"STEESE","17_3",3,"SALIX",1.1,95,"CLUMP",3,2,"SAPLING",0.00659934
"STEESE","17_3",3,"SALIX",0.3,100,"IND",1,2,"SAPLING",0.00049086
"STEESE","17_3",3,"POTR",1.6,95,"IND",1,2,"SAPLING",0.01396224
"STEESE","17_3",3,"POTR",0.9,95,"IND",1,2,"SAPLING",0.00441774
"STEESE","17_3",3,"POTR",3.2,100,"CLUMP",2,2,"SAPLING",0.05584896
"STEESE","17_3",3,"SALIX",1.6,92.5,"CLUMP",2,2,"SAPLING",0.01396224
"STEESE","17_3",3,"SALIX",1.9,90,"IND",1,2,"SAPLING",0.01968894
"STEESE","17_3",3,"POTR",1.6,95,"IND",1,2,"SAPLING",0.01396224
"STEESE","17_3",3,"POTR",0.9,100,"IND",1,2,"SAPLING",0.00441774
"STEESE","17_3",3,"SALIX",0.6,95,"IND",1,2,"SAPLING",0.00196344
"STEESE","17_3",3,"SALIX",1.9,100,"CLUMP",3,2,"SAPLING",0.01968894
"STEESE","17_3",3,"POTR",0.3,90,"IND",1,2,"SAPLING",0.00049086
"STEESE","17_3",3,"POTR",2.4,95,"IND",1,2,"SAPLING",0.03141504
"STEESE","17_3",3,"POTR",0.5,100,"IND",1,2,"SAPLING",0.0013635
"STEESE","17_3",3,"SALIX",0.4,95,"IND",1,2,"SAPLING",0.00087264
"STEESE","17_3",3,"SALIX",0.3,100,"IND",1,2,"SAPLING",0.00049086
"STEESE","17_3",3,"POTR",1.2,95,"IND",1,2,"SAPLING",0.00785376
"STEESE","17_3",3,"POTR",0.7,100,"IND",1,2,"SAPLING",0.00267246
"STEESE","17_3",3,"SALIX",0.9,95,"IND",1,2,"SAPLING",0.00441774
"STEESE","17_3",3,"POTR",0.3,100,"IND",1,2,"SAPLING",0.00049086
"STEESE","17_3",3,"SALIX",0.2,95,"IND",1,2,"SAPLING",0.00021816
"STEESE","17_3",3,"POTR",1.1,100,"IND",1,2,"SAPLING",0.00659934
"STEESE","17_3",3,"POTR",4.7,70,"CLUMP",2,2,"SAPLING",0.12047886
"STEESE","17_3",3,"PIME",1.1,100,"IND",1,2,"SAPLING",0.00659934
"STEESE","17_3",3,"POTR",0.5,60,"IND",1,2,"SAPLING",0.0013635
"STEESE","17_3",3,"POTR",0.2,90,"IND",1,2,"SAPLING",0.00021816
"STEESE","17_3",3,"POTR",0.1,50,"IND",1,2,"SAPLING",5.454e-05
"STEESE","17_3",3,"POTR",0.3,80,"IND",1,2,"SAPLING",0.00049086
"STEESE","17_3",3,"POTR",0.1,100,"IND",1,2,"SAPLING",5.454e-05
"STEESE","17_3",3,"POTR",0.4,60,"IND",1,2,"SAPLING",0.00087264
"STEESE","17_3",3,"SALIX",0.4,70,"CLUMP",2,2,"SAPLING",0.00087264
"STEESE","17_3",3,"SALIX",0.2,95,"IND",1,2,"SAPLING",0.00021816
"STEESE","25_3",3,"ARCT",1.9,100,"CLUMP",8,2,"SAPLING",0.01968894
"STEESE","25_3",3,"SALIX",0.3,95,"CLUMP",2,2,"SAPLING",0.00049086
"STEESE","25_3",3,"SALIX",0.2,95,"IND",1,2,"SAPLING",0.00021816
"STEESE","25_3",3,"SALIX",2.1,92.5,"CLUMP",2,2,"SAPLING",0.02405214
"STEESE","25_3",3,"POTR",0.8,100,"IND",1,2,"SAPLING",0.00349056
"STEESE","25_3",3,"SALIX",3.1,92.5,"CLUMP",2,2,"SAPLING",0.05241294
"STEESE","25_3",3,"POTR",3.3,100,"IND",1,2,"SAPLING",0.05939406
"STEESE","25_3",3,"SALIX",0.8,95,"CLUMP",2,2,"SAPLING",0.00349056
"STEESE","25_3",3,"SALIX",3.3,92.5,"CLUMP",2,2,"SAPLING",0.05939406
"STEESE","25_3",3,"POTR",0.8,100,"IND",1,2,"SAPLING",0.00349056
"STEESE","25_3",3,"SALIX",0.7,100,"IND",1,2,"SAPLING",0.00267246
"STEESE","25_3",3,"SALIX",0.7,82.5,"CLUMP",2,2,"SAPLING",0.00267246
"STEESE","25_3",3,"SALIX",1.8,90,"CLUMP",4,2,"SAPLING",0.01767096
"STEESE","25_3",3,"SALIX",0.2,95,"IND",1,2,"SAPLING",0.00021816
"STEESE","25_3",3,"POTR",2,95,"IND",1,2,"SAPLING",0.021816
"STEESE","25_3",3,"SALIX",0.4,50,"CLUMP",2,2,"SAPLING",0.00087264
"STEESE","25_3",3,"SALIX",1.7,92.5,"CLUMP",2,2,"SAPLING",0.01576206
"STEESE","25_3",3,"POTR",2.4,100,"IND",1,2,"SAPLING",0.03141504
"STEESE","25_3",3,"POTR",0.7,100,"IND",1,2,"SAPLING",0.00267246
"STEESE","25_3",3,"POTR",0.8,95,"IND",1,2,"SAPLING",0.00349056
"STEESE","25_3",3,"POTR",1.3,90,"IND",1,2,"SAPLING",0.00921726
"STEESE","25_3",3,"SALIX",2.1,95,"CLUMP",3,2,"SAPLING",0.02405214
"STEESE","25_3",3,"SALIX",0.8,96.66666667,"CLUMP",3,2,"SAPLING",0.00349056
"STEESE","25_3",3,"SALIX",3.6,75,"CLUMP",5,2,"SAPLING",0.07068384
"STEESE","25_3",3,"SALIX",0.8,95,"CLUMP",2,2,"SAPLING",0.00349056
"STEESE","25_3",3,"POTR",0.6,95,"IND",1,2,"SAPLING",0.00196344
"STEESE","25_3",3,"POTR",2.4,95,"IND",1,2,"SAPLING",0.03141504
"STEESE","25_3",3,"POTR",0.2,100,"IND",1,2,"SAPLING",0.00021816
"STEESE","25_3",3,"SALIX",0.9,90,"IND",1,2,"SAPLING",0.00441774
"STEESE","25_3",3,"SALIX",0.8,95,"IND",1,2,"SAPLING",0.00349056
"STEESE","25_3",3,"SALIX",1,95,"IND",1,2,"SAPLING",0.005454
"STEESE","25_3",3,"SALIX",0.5,95,"IND",1,2,"SAPLING",0.0013635
"STEESE","25_3",3,"POTR",1.3,100,"IND",1,2,"SAPLING",0.00921726
"STEESE","25_3",3,"POTR",0.1,100,"IND",1,2,"SAPLING",5.454e-05
"STEESE","25_3",3,"POTR",1.4,95,"IND",1,2,"SAPLING",0.01068984
"STEESE","25_3",3,"SALIX",0.6,95,"IND",1,2,"SAPLING",0.00196344
"STEESE","25_3",3,"SALIX",0.4,95,"IND",1,2,"SAPLING",0.00087264
"STEESE","25_3",3,"POTR",2.8,100,"IND",1,2,"SAPLING",0.04275936
"STEESE","25_3",3,"SALIX",0.4,95,"CLUMP",2,2,"SAPLING",0.00087264
"STEESE","25_3",3,"POTR",1.3,100,"IND",1,2,"SAPLING",0.00921726
"STEESE","25_3",3,"POTR",0.7,100,"IND",1,2,"SAPLING",0.00267246
"STEESE","25_3",3,"SALIX",0.2,90,"IND",1,2,"SAPLING",0.00021816
"STEESE","25_3",3,"SALIX",0.5,95,"IND",1,2,"SAPLING",0.0013635
"STEESE","25_3",3,"POTR",0.9,95,"IND",1,2,"SAPLING",0.00441774
"STEESE","25_3",3,"POTR",0.9,100,"IND",1,2,"SAPLING",0.00441774
"STEESE","25_3",3,"SALIX",0.2,100,"IND",1,2,"SAPLING",0.00021816
"STEESE","25_3",3,"SALIX",2.2,95,"CLUMP",2,2,"SAPLING",0.02639736
"STEESE","25_3",3,"SALIX",0.6,95,"IND",1,2,"SAPLING",0.00196344
"STEESE","25_3",3,"POTR",0.2,100,"IND",1,2,"SAPLING",0.00021816
"STEESE","25_3",3,"POTR",1.3,85,"IND",1,2,"SAPLING",0.00921726
"STEESE","25_3",3,"SALIX",0.1,100,"IND",1,2,"SAPLING",5.454e-05
"STEESE","25_3",3,"POTR",0.3,95,"IND",1,2,"SAPLING",0.00049086
"STEESE","25_3",3,"SALIX",2.7,96.66666667,"CLUMP",3,2,"SAPLING",0.03975966
"STEESE","25_3",3,"POTR",1.8,95,"IND",1,2,"SAPLING",0.01767096
"STEESE","25_3",3,"POTR",2,100,"IND",1,2,"SAPLING",0.021816
"STEESE","25_3",3,"SALIX",0.1,90,"IND",1,2,"SAPLING",5.454e-05
"STEESE","25_3",3,"POTR",1.3,100,"IND",1,2,"SAPLING",0.00921726
"STEESE","25_3",3,"POTR",1.1,95,"IND",1,2,"SAPLING",0.00659934
"STEESE","25_3",3,"POTR",4.7,100,"CLUMP",2,2,"SAPLING",0.12047886
"STEESE","25_3",3,"SALIX",1.1,46.25,"CLUMP",4,2,"SAPLING",0.00659934
"STEESE","25_3",3,"SALIX",3,97.5,"CLUMP",2,2,"SAPLING",0.049086
"STEESE","25_3",3,"SALIX",0.5,100,"IND",1,2,"SAPLING",0.0013635
"STEESE","25_3",3,"SALIX",0.3,100,"IND",1,2,"SAPLING",0.00049086
"STEESE","25_3",3,"SALIX",0.1,100,"IND",1,2,"SAPLING",5.454e-05
"STEESE","25_3",3,"POTR",0.6,100,"IND",1,2,"SAPLING",0.00196344
"STEESE","25_3",3,"SALIX",0.3,95,"IND",1,2,"SAPLING",0.00049086
"STEESE","25_3",3,"SALIX",0.7,100,"IND",1,2,"SAPLING",0.00267246
"STEESE","25_3",3,"SALIX",0.4,100,"IND",1,2,"SAPLING",0.00087264
"STEESE","25_3",3,"SALIX",0.7,95,"IND",1,2,"SAPLING",0.00267246
"STEESE","25_3",3,"POTR",4.2,100,"IND",1,2,"SAPLING",0.09620856
"STEESE","25_3",3,"POTR",0.3,100,"IND",1,2,"SAPLING",0.00049086
"STEESE","25_3",3,"SALIX",0.2,95,"IND",1,2,"SAPLING",0.00021816
"STEESE","25_3",3,"SALIX",0.2,95,"IND",1,2,"SAPLING",0.00021816
"STEESE","25_3",3,"SALIX",0.1,100,"IND",1,2,"SAPLING",5.454e-05
"STEESE","25_3",3,"SALIX",0.3,100,"IND",1,2,"SAPLING",0.00049086
"STEESE","25_3",3,"POTR",3.4,100,"IND",1,2,"SAPLING",0.06304824
"STEESE","25_3",3,"POTR",0.3,95,"IND",1,2,"SAPLING",0.00049086
"STEESE","25_3",3,"SALIX",1.7,92.5,"CLUMP",2,2,"SAPLING",0.01576206
"STEESE","25_3",3,"SALIX",0.3,95,"IND",1,2,"SAPLING",0.00049086
"STEESE","25_3",3,"POTR",2.5,100,"IND",1,2,"SAPLING",0.0340875
"STEESE","25_3",3,"SALIX",1.3,93.33333333,"CLUMP",3,2,"SAPLING",0.00921726
"STEESE","35_3",3,"BENE",0.5,95,"IND",1,2,"SAPLING",0.0013635
"STEESE","35_3",3,"SALIX",0.6,95,"IND",1,2,"SAPLING",0.00196344
"STEESE","35_3",3,"SALIX",0.9,90,"IND",1,2,"SAPLING",0.00441774
"STEESE","35_3",3,"SALIX",14.7,76.25,"CLUMP",8,2,"SAPLING",1.17855486
"STEESE","35_3",3,"PIME",1.4,100,"IND",1,2,"SAPLING",0.01068984
"STEESE","35_3",3,"POTR",0.6,100,"IND",1,2,"SAPLING",0.00196344
"STEESE","35_3",3,"SALIX",16.3,60.71428571,"CLUMP",14,2,"SAPLING",1.44907326
"STEESE","35_3",3,"POTR",1,95,"IND",1,2,"SAPLING",0.005454
"STEESE","35_3",3,"SALIX",0.2,100,"IND",1,2,"SAPLING",0.00021816
"STEESE","35_3",3,"SALIX",8.9,77.14285714,"CLUMP",7,2,"SAPLING",0.43201134
"STEESE","35_3",3,"POTR",0.4,100,"IND",1,2,"SAPLING",0.00087264
"STEESE","35_3",3,"SALIX",0.7,80,"CLUMP",2,2,"SAPLING",0.00267246
"STEESE","35_3",3,"BENE",2,95,"IND",1,2,"SAPLING",0.021816
"STEESE","35_3",3,"SALIX",7.7,73,"CLUMP",5,2,"SAPLING",0.32336766
"STEESE","35_3",3,"SALIX",7.5,66,"CLUMP",5,2,"SAPLING",0.3067875
"STEESE","35_3",3,"SALIX",9.6,69,"CLUMP",5,2,"SAPLING",0.50264064
"STEESE","35_3",3,"BENE",26.2,87.94117647,"CLUMP",17,2,"SAPLING",3.74384376
"STEESE","35_3",3,"ARCT",7.2,64.73684211,"CLUMP",19,2,"SAPLING",0.28273536
"STEESE","35_3",3,"ARCT",3.3,95.55555556,"CLUMP",9,2,"SAPLING",0.05939406
"STEESE","35_3",3,"SALIX",6.6,61.66666667,"CLUMP",3,2,"SAPLING",0.23757624
"STEESE","35_3",3,"BENE",1.7,95,"IND",1,2,"SAPLING",0.01576206
"STEESE","35_3",3,"ARCT",3.2,40,"CLUMP",4,2,"SAPLING",0.05584896
"STEESE","35_3",3,"BENE",1.3,95,"IND",1,2,"SAPLING",0.00921726
"STEESE","35_3",3,"ALCR",1.8,95,"CLUMP",2,2,"SAPLING",0.01767096
"STEESE","35_3",3,"POTR",1.5,95,"IND",1,2,"SAPLING",0.0122715
"STEESE","35_3",3,"POTR",1.5,95,"IND",1,2,"SAPLING",0.0122715
"STEESE","35_3",3,"POTR",0.3,95,"IND",1,2,"SAPLING",0.00049086
"STEESE","35_3",3,"BENE",2.3,90,"IND",1,2,"SAPLING",0.02885166
"STEESE","35_3",3,"BENE",0.4,95,"IND",1,2,"SAPLING",0.00087264
"STEESE","35_3",3,"BENE",2.3,95,"CLUMP",2,2,"SAPLING",0.02885166
"STEESE","35_3",3,"BENE",3.7,94,"CLUMP",5,2,"SAPLING",0.07466526
"STEESE","35_3",3,"BENE",2.7,100,"IND",1,2,"SAPLING",0.03975966
"STEESE","35_3",3,"BENE",0.7,90,"IND",1,2,"SAPLING",0.00267246
"STEESE","35_3",3,"POBA",2.3,95,"IND",1,2,"SAPLING",0.02885166
"STEESE","35_3",3,"BENE",1.8,100,"IND",1,2,"SAPLING",0.01767096
"STEESE","35_3",3,"BENE",0.5,95,"IND",1,2,"SAPLING",0.0013635
"STEESE","35_3",3,"ARCT",1.1,55,"CLUMP",6,2,"SAPLING",0.00659934
"STEESE","35_3",3,"POTR",0.3,95,"IND",1,2,"SAPLING",0.00049086
"STEESE","35_3",3,"SALIX",2.8,100,"CLUMP",2,2,"SAPLING",0.04275936
"STEESE","35_3",3,"SALIX",2.4,86.66666667,"CLUMP",3,2,"SAPLING",0.03141504
"STEESE","24_3",3,"SALIX",0.6,100,"IND",1,2,"SAPLING",0.00196344
"STEESE","24_3",3,"POTR",2.7,95,"IND",1,2,"SAPLING",0.03975966
"STEESE","24_3",3,"SALIX",3.3,92.5,"CLUMP",2,2,"SAPLING",0.05939406
"STEESE","24_3",3,"POTR",6.4,98,"IND",1,2,"SAPLING",0.22339584
"STEESE","24_3",3,"POTR",2.9,100,"IND",1,2,"SAPLING",0.04586814
"STEESE","24_3",3,"POTR",1.6,95,"IND",1,2,"SAPLING",0.01396224
"STEESE","24_3",3,"POTR",0.7,100,"IND",1,2,"SAPLING",0.00267246
"STEESE","24_3",3,"POTR",7.5,100,"CLUMP",2,2,"SAPLING",0.3067875
"STEESE","24_3",3,"POTR",2.6,90,"IND",1,2,"SAPLING",0.03686904
"STEESE","24_3",3,"POTR",4.5,95,"IND",1,2,"SAPLING",0.1104435
"STEESE","24_3",3,"POTR",1.3,90,"IND",1,2,"SAPLING",0.00921726
"STEESE","24_3",3,"POTR",5.1,100,"IND",1,2,"SAPLING",0.14185854
"STEESE","24_3",3,"POTR",4.9,100,"IND",1,2,"SAPLING",0.13095054
"STEESE","24_3",3,"POTR",4.2,100,"IND",1,2,"SAPLING",0.09620856
"STEESE","24_3",3,"SALIX",0.6,100,"CLUMP",2,2,"SAPLING",0.00196344
"STEESE","24_3",3,"SALIX",0.1,100,"IND",1,2,"SAPLING",5.454e-05
"STEESE","24_3",3,"SALIX",0.6,100,"CLUMP",2,2,"SAPLING",0.00196344
"STEESE","24_3",3,"POTR",0.9,100,"IND",1,2,"SAPLING",0.00441774
"STEESE","24_3",3,"SALIX",0.3,100,"IND",1,2,"SAPLING",0.00049086
"STEESE","24_3",3,"SALIX",1.5,97.5,"CLUMP",2,2,"SAPLING",0.0122715
"STEESE","24_3",3,"SALIX",0.2,100,"IND",1,2,"SAPLING",0.00021816
"STEESE","24_3",3,"POTR",2,95,"IND",1,2,"SAPLING",0.021816
"STEESE","24_3",3,"SALIX",0.4,100,"IND",1,2,"SAPLING",0.00087264
"STEESE","24_3",3,"BENE",0.6,100,"IND",1,2,"SAPLING",0.00196344
"STEESE","24_3",3,"POTR",1.6,100,"IND",1,2,"SAPLING",0.01396224
"STEESE","24_3",3,"POTR",0.7,95,"IND",1,2,"SAPLING",0.00267246
"STEESE","24_3",3,"POTR",0.4,100,"IND",1,2,"SAPLING",0.00087264
"STEESE","24_3",3,"SALIX",0.3,100,"IND",1,2,"SAPLING",0.00049086
"STEESE","24_3",3,"SALIX",0.2,100,"IND",1,2,"SAPLING",0.00021816
"STEESE","24_3",3,"SALIX",1,97.5,"CLUMP",2,2,"SAPLING",0.005454
"STEESE","24_3",3,"SALIX",0.5,100,"IND",1,2,"SAPLING",0.0013635
"STEESE","24_3",3,"SALIX",0.5,100,"IND",1,2,"SAPLING",0.0013635
"STEESE","24_3",3,"SALIX",0.2,100,"IND",1,2,"SAPLING",0.00021816
"STEESE","24_3",3,"SALIX",0.3,100,"IND",1,2,"SAPLING",0.00049086
"STEESE","24_3",3,"SALIX",1.1,95,"CLUMP",2,2,"SAPLING",0.00659934
"STEESE","24_3",3,"SALIX",0.2,100,"IND",1,2,"SAPLING",0.00021816
"STEESE","24_3",3,"POTR",2,95,"IND",1,2,"SAPLING",0.021816
"STEESE","24_3",3,"SALIX",0.8,100,"IND",1,2,"SAPLING",0.00349056
"STEESE","24_3",3,"SALIX",0.8,90,"IND",1,2,"SAPLING",0.00349056
"STEESE","24_3",3,"SALIX",0.3,100,"IND",1,2,"SAPLING",0.00049086
"STEESE","24_3",3,"SALIX",0.4,100,"IND",1,2,"SAPLING",0.00087264
"STEESE","24_3",3,"SALIX",0.5,100,"IND",1,2,"SAPLING",0.0013635
"STEESE","24_3",3,"SALIX",0.9,95,"IND",1,2,"SAPLING",0.00441774
"STEESE","24_3",3,"SALIX",0.4,100,"IND",1,2,"SAPLING",0.00087264
"STEESE","24_3",3,"POTR",0.2,100,"IND",1,2,"SAPLING",0.00021816
"STEESE","24_3",3,"POTR",3.1,95,"IND",1,2,"SAPLING",0.05241294
"STEESE","24_3",3,"SALIX",0.3,100,"IND",1,2,"SAPLING",0.00049086
"STEESE","24_3",3,"SALIX",0.4,100,"IND",1,2,"SAPLING",0.00087264
"STEESE","24_3",3,"SALIX",1.4,97.5,"CLUMP",2,2,"SAPLING",0.01068984
"STEESE","24_3",3,"SALIX",0.2,100,"IND",1,2,"SAPLING",0.00021816
"STEESE","24_3",3,"SALIX",0.6,100,"IND",1,2,"SAPLING",0.00196344
"STEESE","24_3",3,"SALIX",1.3,95,"CLUMP",2,2,"SAPLING",0.00921726
"STEESE","24_3",3,"SALIX",0.5,95,"IND",1,2,"SAPLING",0.0013635
"STEESE","24_3",3,"SALIX",0.7,100,"IND",1,2,"SAPLING",0.00267246
"STEESE","24_3",3,"SALIX",0.4,100,"IND",1,2,"SAPLING",0.00087264
"STEESE","24_3",3,"SALIX",2,96.66666667,"CLUMP",3,2,"SAPLING",0.021816
"STEESE","24_3",3,"SALIX",1.9,97.5,"CLUMP",2,2,"SAPLING",0.01968894
"STEESE","24_3",3,"SALIX",0.9,95,"IND",1,2,"SAPLING",0.00441774
"STEESE","24_3",3,"POTR",1.7,95,"IND",1,2,"SAPLING",0.01576206
"STEESE","24_3",3,"POTR",5.7,95,"IND",1,2,"SAPLING",0.17720046
"STEESE","24_3",3,"SALIX",0.6,100,"IND",1,2,"SAPLING",0.00196344
"STEESE","24_3",3,"SALIX",0.8,95,"IND",1,2,"SAPLING",0.00349056
"STEESE","24_3",3,"SALIX",0.6,100,"IND",1,2,"SAPLING",0.00196344
"STEESE","24_3",3,"SALIX",0.1,100,"IND",1,2,"SAPLING",5.454e-05
"STEESE","24_3",3,"SALIX",0.5,95,"IND",1,2,"SAPLING",0.0013635
"STEESE","24_3",3,"POTR",2,100,"IND",1,2,"SAPLING",0.021816
"STEESE","24_3",3,"SALIX",1.1,97.5,"CLUMP",2,2,"SAPLING",0.00659934
"STEESE","24_3",3,"SALIX",0.2,100,"IND",1,2,"SAPLING",0.00021816
"STEESE","24_3",3,"SALIX",0.1,100,"IND",1,2,"SAPLING",5.454e-05
"STEESE","24_3",3,"SALIX",0.2,100,"IND",1,2,"SAPLING",0.00021816
"STEESE","24_3",3,"SALIX",0.1,100,"IND",1,2,"SAPLING",5.454e-05
"STEESE","24_3",3,"SALIX",0.4,100,"IND",1,2,"SAPLING",0.00087264
"STEESE","24_3",3,"SALIX",0.1,100,"IND",1,2,"SAPLING",5.454e-05
"STEESE","24_3",3,"SALIX",0.9,85,"IND",1,2,"SAPLING",0.00441774
"STEESE","24_3",3,"SALIX",0.1,100,"IND",1,2,"SAPLING",5.454e-05
"STEESE","24_3",3,"POTR",0.5,100,"IND",1,2,"SAPLING",0.0013635
"STEESE","24_3",3,"POTR",3.7,100,"IND",1,2,"SAPLING",0.07466526
"STEESE","24_3",3,"SALIX",2.9,95,"CLUMP",3,2,"SAPLING",0.04586814
"STEESE","24_3",3,"POTR",0.2,100,"IND",1,2,"SAPLING",0.00021816
"STEESE","24_3",3,"SALIX",0.7,100,"IND",1,2,"SAPLING",0.00267246
"STEESE","24_3",3,"SALIX",0.4,100,"IND",1,2,"SAPLING",0.00087264
"STEESE","24_3",3,"SALIX",1.5,96.66666667,"CLUMP",3,2,"SAPLING",0.0122715
"STEESE","24_3",3,"SALIX",0.5,100,"IND",1,2,"SAPLING",0.0013635
"STEESE","24_3",3,"POTR",0.2,100,"IND",1,2,"SAPLING",0.00021816
"STEESE","24_3",3,"POTR",0.1,100,"IND",1,2,"SAPLING",5.454e-05
"STEESE","24_3",3,"SALIX",0.1,100,"IND",1,2,"SAPLING",5.454e-05
"STEESE","24_3",3,"SALIX",0.1,100,"IND",1,2,"SAPLING",5.454e-05
"STEESE","24_3",3,"SALIX",1.1,100,"CLUMP",3,2,"SAPLING",0.00659934
"STEESE","24_3",3,"SALIX",0.2,95,"IND",1,2,"SAPLING",0.00021816
"STEESE","24_3",3,"SALIX",1,95,"IND",1,2,"SAPLING",0.005454
"STEESE","24_3",3,"POTR",1.8,95,"IND",1,2,"SAPLING",0.01767096
"STEESE","24_3",3,"POTR",3.1,95,"IND",1,2,"SAPLING",0.05241294
"STEESE","24_3",3,"SALIX",1.2,100,"IND",1,2,"SAPLING",0.00785376
"STEESE","24_3",3,"POTR",2.3,95,"IND",1,2,"SAPLING",0.02885166
"STEESE","24_3",3,"POTR",10.2,100,"CLUMP",2,2,"SAPLING",0.56743416
"STEESE","24_3",3,"SALIX",0.9,100,"IND",1,2,"SAPLING",0.00441774
"STEESE","24_3",3,"POTR",0.2,100,"IND",1,2,"SAPLING",0.00021816
"STEESE","24_3",3,"POTR",4.1,95,"IND",1,2,"SAPLING",0.09168174
"STEESE","24_3",3,"BENE",0.2,100,"IND",1,2,"SAPLING",0.00021816
"STEESE","24_3",3,"POTR",0.8,100,"IND",1,2,"SAPLING",0.00349056
"STEESE","24_3",3,"SALIX",1,100,"IND",1,2,"SAPLING",0.005454
"STEESE","24_3",3,"POTR",1.8,95,"IND",1,2,"SAPLING",0.01767096
"STEESE","24_3",3,"POTR",2,95,"IND",1,2,"SAPLING",0.021816
"STEESE","24_3",3,"POTR",3.4,80,"IND",1,2,"SAPLING",0.06304824
"STEESE","24_3",3,"POTR",1,80,"IND",1,2,"SAPLING",0.005454
"STEESE","24_3",3,"SALIX",1,96.66666667,"CLUMP",3,2,"SAPLING",0.005454
"STEESE","24_3",3,"POTR",0.4,90,"IND",1,2,"SAPLING",0.00087264
"STEESE","24_3",3,"POTR",6.5,100,"IND",1,2,"SAPLING",0.2304315
"STEESE","24_3",3,"POTR",0.1,80,"IND",1,2,"SAPLING",5.454e-05
"STEESE","24_3",3,"POTR",0.4,95,"IND",1,2,"SAPLING",0.00087264
"STEESE","24_3",3,"POTR",0.5,80,"IND",1,2,"SAPLING",0.0013635
"STEESE","24_3",3,"SALIX",1.3,97.5,"CLUMP",2,2,"SAPLING",0.00921726
"STEESE","24_3",3,"SALIX",1,100,"CLUMP",2,2,"SAPLING",0.005454
"STEESE","24_3",3,"SALIX",0.3,100,"IND",1,2,"SAPLING",0.00049086
"STEESE","24_3",3,"POTR",2,95,"IND",1,2,"SAPLING",0.021816
"STEESE","24_3",3,"SALIX",2.8,96.25,"CLUMP",4,2,"SAPLING",0.04275936
"STEESE","24_3",3,"POTR",5.2,100,"IND",1,2,"SAPLING",0.14747616
"STEESE","24_3",3,"SALIX",0.2,95,"IND",1,2,"SAPLING",0.00021816
"STEESE","24_3",3,"POTR",1.6,80,"IND",1,2,"SAPLING",0.01396224
"STEESE","24_3",3,"POTR",1.7,100,"IND",1,2,"SAPLING",0.01576206
"STEESE","24_3",3,"POTR",7,90,"CLUMP",2,2,"SAPLING",0.267246
"STEESE","24_3",3,"POTR",0.6,95,"IND",1,2,"SAPLING",0.00196344
"STEESE","24_3",3,"SALIX",0.4,100,"IND",1,2,"SAPLING",0.00087264
"STEESE","24_3",3,"POTR",1.1,95,"IND",1,2,"SAPLING",0.00659934
"STEESE","24_3",3,"POTR",0.2,70,"IND",1,2,"SAPLING",0.00021816
"STEESE","26_2",2,"POTR",0.1,100,"IND",1,2,"SAPLING",5.454e-05
"STEESE","26_2",2,"SALIX",0.5,100,"CLUMP",2,2,"SAPLING",0.0013635
"STEESE","26_2",2,"ALCR",2.1,97.5,"CLUMP",4,2,"SAPLING",0.02405214
"STEESE","26_2",2,"SALIX",0.5,100,"IND",1,2,"SAPLING",0.0013635
"STEESE","26_2",2,"SALIX",0.4,100,"IND",1,2,"SAPLING",0.00087264
"STEESE","26_2",2,"BENE",0.2,100,"IND",1,2,"SAPLING",0.00021816
"STEESE","26_2",2,"BENE",0.3,100,"IND",1,2,"SAPLING",0.00049086
"STEESE","26_2",2,"SALIX",0.7,95,"IND",1,2,"SAPLING",0.00267246
"STEESE","26_2",2,"BENE",0.2,100,"IND",1,2,"SAPLING",0.00021816
"STEESE","26_2",2,"BENE",0.4,100,"IND",1,2,"SAPLING",0.00087264
"STEESE","26_2",2,"BENE",0.3,100,"IND",1,2,"SAPLING",0.00049086
"STEESE","26_2",2,"BENE",0.2,100,"IND",1,2,"SAPLING",0.00021816
"STEESE","26_2",2,"BENE",0.3,100,"IND",1,2,"SAPLING",0.00049086
"STEESE","26_2",2,"BENE",0.3,100,"IND",1,2,"SAPLING",0.00049086
"STEESE","26_2",2,"BENE",0.3,100,"IND",1,2,"SAPLING",0.00049086
"STEESE","26_2",2,"BENE",0.1,100,"IND",1,2,"SAPLING",5.454e-05
"STEESE","26_2",2,"BENE",0.2,100,"IND",1,2,"SAPLING",0.00021816
"STEESE","26_2",2,"BENE",0.9,95,"IND",1,2,"SAPLING",0.00441774
"STEESE","26_2",2,"BENE",1.1,100,"IND",1,2,"SAPLING",0.00659934
"STEESE","26_2",2,"BENE",0.2,100,"IND",1,2,"SAPLING",0.00021816
"STEESE","26_2",2,"BENE",0.8,100,"IND",1,2,"SAPLING",0.00349056
"STEESE","26_2",2,"ALCR",1.2,100,"IND",1,2,"SAPLING",0.00785376
"STEESE","26_2",2,"ALCR",1.8,100,"IND",1,2,"SAPLING",0.01767096
"STEESE","26_2",2,"ALCR",2.6,100,"IND",1,2,"SAPLING",0.03686904
"STEESE","26_2",2,"ALCR",1.3,95,"IND",1,2,"SAPLING",0.00921726
"STEESE","26_2",2,"ALCR",1.3,90,"IND",1,2,"SAPLING",0.00921726
"STEESE","26_2",2,"ALCR",1.8,100,"IND",1,2,"SAPLING",0.01767096
"STEESE","26_2",2,"PIME",0.8,100,"IND",1,2,"SAPLING",0.00349056
"STEESE","26_2",2,"BENE",1.9,90,"IND",1,2,"SAPLING",0.01968894
"STEESE","26_2",2,"BENE",1.1,100,"IND",1,2,"SAPLING",0.00659934
"STEESE","26_2",2,"BENE",0.7,100,"IND",1,2,"SAPLING",0.00267246
"STEESE","26_2",2,"BENE",1,100,"IND",1,2,"SAPLING",0.005454
"STEESE","26_2",2,"BENE",1.4,100,"IND",1,2,"SAPLING",0.01068984
"STEESE","26_2",2,"BENE",1.4,100,"IND",1,2,"SAPLING",0.01068984
"STEESE","33_1",1,"ALCR",3.6,98.33333333,"CLUMP",3,1,"SAPLING",0.07068384
"STEESE","33_1",1,"PIME",1.6,95,"IND",1,1,"SAPLING",0.01396224
"STEESE","33_1",1,"PIME",10.3,100,"IND",1,1,"SAPLING",0.57861486
"STEESE","33_1",1,"PIME",4.9,95,"IND",1,1,"SAPLING",0.13095054
"STEESE","33_1",1,"PIME",6.6,80,"IND",1,1,"SAPLING",0.23757624
"STEESE","33_1",1,"PIME",6.8,90,"IND",1,1,"SAPLING",0.25219296
"STEESE","33_1",1,"SALIX",2.3,47.5,"CLUMP",2,1,"SAPLING",0.02885166
"STEESE","33_1",1,"SALIX",0.6,100,"IND",1,1,"SAPLING",0.00196344
"STEESE","18_1",1,"BENE",0.7,100,"IND",1,1,"SAPLING",0.00267246
"STEESE","18_1",1,"BENE",0.8,100,"IND",1,1,"SAPLING",0.00349056
"STEESE","18_1",1,"BENE",0.6,100,"IND",1,1,"SAPLING",0.00196344
"STEESE","18_1",1,"BENE",0.6,100,"IND",1,1,"SAPLING",0.00196344
"STEESE","18_1",1,"BENE",0.7,100,"IND",1,1,"SAPLING",0.00267246
"STEESE","18_1",1,"BENE",0.3,100,"IND",1,1,"SAPLING",0.00049086
"STEESE","18_1",1,"BENE",0.5,100,"IND",1,1,"SAPLING",0.0013635
"STEESE","18_1",1,"BENE",0.6,100,"IND",1,1,"SAPLING",0.00196344
"STEESE","18_1",1,"BENE",0.9,100,"IND",1,1,"SAPLING",0.00441774
"STEESE","18_1",1,"BENE",0.8,100,"IND",1,1,"SAPLING",0.00349056
"STEESE","18_1",1,"BENE",1.3,100,"IND",1,1,"SAPLING",0.00921726
"STEESE","18_1",1,"BENE",0.4,100,"IND",1,1,"SAPLING",0.00087264
"STEESE","18_1",1,"SALIX",0.3,100,"IND",1,1,"SAPLING",0.00049086
"STEESE","18_1",1,"BENE",0.7,100,"IND",1,1,"SAPLING",0.00267246
"STEESE","18_1",1,"BENE",0.6,100,"IND",1,1,"SAPLING",0.00196344
"STEESE","18_1",1,"BENE",0.2,100,"IND",1,1,"SAPLING",0.00021816
"STEESE","18_1",1,"BENE",0.2,100,"IND",1,1,"SAPLING",0.00021816
"STEESE","18_1",1,"BENE",0.3,100,"IND",1,1,"SAPLING",0.00049086
"STEESE","18_1",1,"BENE",0.8,100,"IND",1,1,"SAPLING",0.00349056
"STEESE","18_1",1,"BENE",0.3,100,"IND",1,1,"SAPLING",0.00049086
"STEESE","18_1",1,"SALIX",0.3,100,"IND",1,1,"SAPLING",0.00049086
"STEESE","18_1",1,"BENE",0.8,100,"IND",1,1,"SAPLING",0.00349056
"STEESE","18_1",1,"BENE",1.7,100,"IND",1,1,"SAPLING",0.01576206
"STEESE","18_1",1,"BENE",1.9,100,"IND",1,1,"SAPLING",0.01968894
"STEESE","18_1",1,"BENE",0.6,100,"IND",1,1,"SAPLING",0.00196344
"STEESE","18_1",1,"BENE",2,98.33333333,"CLUMP",3,1,"SAPLING",0.021816
"STEESE","18_1",1,"BENE",0.6,100,"IND",1,1,"SAPLING",0.00196344
"STEESE","29_1",1,"BENE",8.9,97,"CLUMP",5,2,"SAPLING",0.43201134
"STEESE","29_1",1,"BENE",0.4,100,"IND",1,2,"SAPLING",0.00087264
"STEESE","29_1",1,"BENE",0.8,100,"IND",1,2,"SAPLING",0.00349056
"STEESE","29_1",1,"BENE",0.8,100,"IND",1,2,"SAPLING",0.00349056
"STEESE","29_1",1,"BENE",0.8,100,"IND",1,2,"SAPLING",0.00349056
"STEESE","29_1",1,"BENE",0.4,100,"IND",1,2,"SAPLING",0.00087264
"STEESE","29_1",1,"BENE",0.3,100,"IND",1,2,"SAPLING",0.00049086
"STEESE","29_1",1,"SALIX",0.3,100,"IND",1,2,"SAPLING",0.00049086
"STEESE","29_1",1,"SALIX",0.2,100,"IND",1,2,"SAPLING",0.00021816
"STEESE","29_1",1,"SALIX",0.2,100,"IND",1,2,"SAPLING",0.00021816
"STEESE","29_1",1,"SALIX",0.3,95,"IND",1,2,"SAPLING",0.00049086
"STEESE","29_1",1,"BENE",0.6,100,"IND",1,2,"SAPLING",0.00196344
"STEESE","29_1",1,"BENE",0.2,100,"IND",1,2,"SAPLING",0.00021816
"STEESE","29_1",1,"BENE",0.3,100,"IND",1,2,"SAPLING",0.00049086
"STEESE","29_1",1,"BENE",0.3,100,"IND",1,2,"SAPLING",0.00049086
"STEESE","29_1",1,"SALIX",0.4,95,"IND",1,2,"SAPLING",0.00087264
"STEESE","29_1",1,"SALIX",0.7,95,"IND",1,2,"SAPLING",0.00267246
"STEESE","29_1",1,"BENE",12.1,96.07142857,"CLUMP",14,2,"SAPLING",0.79852014
"STEESE","29_1",1,"BENE",1.6,95,"IND",1,2,"SAPLING",0.01396224
"STEESE","29_1",1,"BENE",0.9,100,"IND",1,2,"SAPLING",0.00441774
"STEESE","29_1",1,"BENE",0.4,95,"IND",1,2,"SAPLING",0.00087264
"STEESE","29_1",1,"BENE",0.4,100,"IND",1,2,"SAPLING",0.00087264
"STEESE","29_1",1,"BENE",0.5,97.5,"CLUMP",2,2,"SAPLING",0.0013635
"STEESE","29_1",1,"BENE",0.7,95,"IND",1,2,"SAPLING",0.00267246
"STEESE","29_1",1,"BENE",1.1,100,"IND",1,2,"SAPLING",0.00659934
"STEESE","29_1",1,"SALIX",0.2,100,"IND",1,2,"SAPLING",0.00021816
"STEESE","29_1",1,"BENE",0.4,100,"IND",1,2,"SAPLING",0.00087264
"STEESE","29_1",1,"SALIX",0.4,80,"IND",1,2,"SAPLING",0.00087264
"STEESE","29_1",1,"BENE",2.7,95,"IND",1,2,"SAPLING",0.03975966
"STEESE","29_1",1,"BENE",1,95,"IND",1,2,"SAPLING",0.005454
"STEESE","29_1",1,"SALIX",0.4,95,"IND",1,2,"SAPLING",0.00087264
"STEESE","29_1",1,"BENE",0.6,90,"IND",1,2,"SAPLING",0.00196344
"STEESE","29_1",1,"BENE",0.2,90,"IND",1,2,"SAPLING",0.00021816
"STEESE","23_3",3,"POTR",1.7,95,"IND",1,2,"SAPLING",0.01576206
"STEESE","23_3",3,"POTR",1.5,95,"IND",1,2,"SAPLING",0.0122715
"STEESE","23_3",3,"POTR",0.1,95,"IND",1,2,"SAPLING",5.454e-05
"STEESE","23_3",3,"SALIX",1.5,73.33333333,"CLUMP",3,2,"SAPLING",0.0122715
"STEESE","23_3",3,"SALIX",0.5,90,"IND",1,2,"SAPLING",0.0013635
"STEESE","23_3",3,"POTR",2,90,"IND",1,2,"SAPLING",0.021816
"STEESE","23_3",3,"SALIX",3.1,82.5,"CLUMP",4,2,"SAPLING",0.05241294
"STEESE","23_3",3,"SALIX",0.4,80,"IND",1,2,"SAPLING",0.00087264
"STEESE","23_3",3,"BENE",1.6,85,"CLUMP",2,2,"SAPLING",0.01396224
"STEESE","23_3",3,"BENE",0.5,100,"IND",1,2,"SAPLING",0.0013635
"STEESE","23_3",3,"SALIX",0.6,80,"IND",1,2,"SAPLING",0.00196344
"STEESE","23_3",3,"POTR",1.6,100,"IND",1,2,"SAPLING",0.01396224
"STEESE","23_3",3,"SALIX",0.5,95,"IND",1,2,"SAPLING",0.0013635
"STEESE","23_3",3,"SALIX",0.7,95,"IND",1,2,"SAPLING",0.00267246
"STEESE","23_3",3,"POTR",0.2,100,"IND",1,2,"SAPLING",0.00021816
"STEESE","23_3",3,"SALIX",2.4,100,"IND",1,2,"SAPLING",0.03141504
"STEESE","23_3",3,"BENE",0.9,100,"IND",1,2,"SAPLING",0.00441774
"STEESE","23_3",3,"SALIX",0.1,100,"IND",1,2,"SAPLING",5.454e-05
"STEESE","23_3",3,"SALIX",0.4,90,"IND",1,2,"SAPLING",0.00087264
"STEESE","23_3",3,"SALIX",0.3,95,"IND",1,2,"SAPLING",0.00049086
"STEESE","23_3",3,"SALIX",1,97.5,"CLUMP",2,2,"SAPLING",0.005454
"STEESE","23_3",3,"SALIX",0.1,100,"IND",1,2,"SAPLING",5.454e-05
"STEESE","23_3",3,"SALIX",0.3,100,"IND",1,2,"SAPLING",0.00049086
"STEESE","2_3",3,"POTR",3.6,90,"IND",1,2,"SAPLING",0.07068384
"STEESE","2_3",3,"POTR",1.3,90,"IND",1,2,"SAPLING",0.00921726
"STEESE","2_3",3,"SALIX",1.1,95,"IND",1,2,"SAPLING",0.00659934
"STEESE","2_3",3,"POTR",0.4,80,"IND",1,2,"SAPLING",0.00087264
"STEESE","2_3",3,"POTR",0.1,100,"IND",1,2,"SAPLING",5.454e-05
"STEESE","2_3",3,"POTR",0.1,100,"IND",1,2,"SAPLING",5.454e-05
"STEESE","2_3",3,"POTR",0.4,80,"IND",1,2,"SAPLING",0.00087264
"STEESE","2_3",3,"SALIX",1.4,95,"CLUMP",2,2,"SAPLING",0.01068984
"STEESE","2_3",3,"POTR",2.6,95,"IND",1,2,"SAPLING",0.03686904
"STEESE","2_3",3,"POTR",0.4,80,"IND",1,2,"SAPLING",0.00087264
"STEESE","2_3",3,"SALIX",0.7,95,"IND",1,2,"SAPLING",0.00267246
"STEESE","2_3",3,"POTR",0.1,100,"IND",1,2,"SAPLING",5.454e-05
"STEESE","2_3",3,"POTR",0.5,85,"IND",1,2,"SAPLING",0.0013635
"STEESE","2_3",3,"POTR",4.1,92.5,"CLUMP",2,2,"SAPLING",0.09168174
"STEESE","2_3",3,"BENE",3.5,95,"IND",1,2,"SAPLING",0.0668115
"STEESE","2_3",3,"POTR",0.5,100,"IND",1,2,"SAPLING",0.0013635
"STEESE","2_3",3,"POTR",0.1,100,"IND",1,2,"SAPLING",5.454e-05
"STEESE","2_3",3,"BENE",1.5,95,"CLUMP",2,2,"SAPLING",0.0122715
"STEESE","2_3",3,"POTR",2.5,80,"IND",1,2,"SAPLING",0.0340875
"STEESE","2_3",3,"POTR",1.1,80,"IND",1,2,"SAPLING",0.00659934
"STEESE","2_3",3,"SALIX",0.8,90,"IND",1,2,"SAPLING",0.00349056
"STEESE","2_3",3,"SALIX",0.5,85,"IND",1,2,"SAPLING",0.0013635
"STEESE","2_3",3,"SALIX",2.3,92,"CLUMP",5,2,"SAPLING",0.02885166
"STEESE","2_3",3,"SALIX",0.2,3,"IND",1,2,"SAPLING",0.00021816
"STEESE","2_3",3,"SALIX",0.2,100,"IND",1,2,"SAPLING",0.00021816
"STEESE","2_3",3,"SALIX",0.6,95,"IND",1,2,"SAPLING",0.00196344
"STEESE","2_3",3,"SALIX",0.3,97.5,"CLUMP",2,2,"SAPLING",0.00049086
"STEESE","2_3",3,"POTR",3.8,97.5,"CLUMP",2,2,"SAPLING",0.07875576
"STEESE","2_3",3,"SALIX",0.4,100,"IND",1,2,"SAPLING",0.00087264
"STEESE","2_3",3,"BENE",2.4,95,"IND",1,2,"SAPLING",0.03141504
"STEESE","2_3",3,"POTR",1.5,80,"IND",1,2,"SAPLING",0.0122715
"STEESE","2_3",3,"POTR",1.3,95,"IND",1,2,"SAPLING",0.00921726
"STEESE","2_3",3,"POTR",0.9,100,"IND",1,2,"SAPLING",0.00441774
"STEESE","2_3",3,"POTR",2.7,95,"IND",1,2,"SAPLING",0.03975966
"STEESE","2_3",3,"POTR",3.6,90,"IND",1,2,"SAPLING",0.07068384
"STEESE","2_3",3,"POTR",1.8,95,"IND",1,2,"SAPLING",0.01767096
"STEESE","2_3",3,"POTR",2.5,100,"IND",1,2,"SAPLING",0.0340875
"STEESE","2_3",3,"POTR",1.5,95,"IND",1,2,"SAPLING",0.0122715
"STEESE","2_3",3,"POTR",1.3,90,"IND",1,2,"SAPLING",0.00921726
"STEESE","2_3",3,"POTR",1.6,95,"IND",1,2,"SAPLING",0.01396224
"STEESE","2_3",3,"POTR",0.1,100,"IND",1,2,"SAPLING",5.454e-05
"STEESE","2_3",3,"POTR",0.1,100,"IND",1,2,"SAPLING",5.454e-05
"STEESE","2_3",3,"POTR",0.2,100,"IND",1,2,"SAPLING",0.00021816
"STEESE","36_3",3,"SALIX",2.1,66.66666667,"CLUMP",3,2,"SAPLING",0.02405214
"STEESE","36_3",3,"SALIX",1,50,"CLUMP",2,2,"SAPLING",0.005454
"STEESE","36_3",3,"SALIX",3.5,75.55555556,"CLUMP",9,2,"SAPLING",0.0668115
"STEESE","36_3",3,"SALIX",1.9,100,"CLUMP",5,2,"SAPLING",0.01968894
"STEESE","36_3",3,"SALIX",0.8,33.33333333,"CLUMP",3,2,"SAPLING",0.00349056
"STEESE","36_3",3,"SALIX",1.2,100,"CLUMP",2,2,"SAPLING",0.00785376
"STEESE","36_3",3,"SALIX",0.3,100,"IND",1,2,"SAPLING",0.00049086
"STEESE","20_1",1,"SALIX",12.8,100,"CLUMP",6,2,"SAPLING",0.89358336
"STEESE","20_1",1,"SALIX",1,87.5,"CLUMP",2,2,"SAPLING",0.005454
"STEESE","20_1",1,"SALIX",1.6,56.66666667,"CLUMP",3,2,"SAPLING",0.01396224
"STEESE","20_1",1,"SALIX",0.7,90,"IND",1,2,"SAPLING",0.00267246
"STEESE","20_1",1,"SALIX",3.1,76,"CLUMP",5,2,"SAPLING",0.05241294
"STEESE","20_1",1,"SALIX",0.4,5,"IND",1,2,"SAPLING",0.00087264
"STEESE","20_1",1,"SALIX",0.1,100,"IND",1,2,"SAPLING",5.454e-05
"STEESE","4_2",2,"BENE",1.3,100,"IND",1,1,"SAPLING",0.00921726
"STEESE","4_2",2,"BENE",0.5,95,"IND",1,1,"SAPLING",0.0013635
"STEESE","4_2",2,"BENE",0.1,100,"IND",1,1,"SAPLING",5.454e-05
"STEESE","4_2",2,"BENE",0.1,100,"IND",1,1,"SAPLING",5.454e-05
"STEESE","3_2",2,"BENE",0.1,100,"IND",1,2,"SAPLING",5.454e-05
"STEESE","3_2",2,"ARCT",0.5,100,"IND",1,2,"SAPLING",0.0013635
"STEESE","3_2",2,"BENE",0.3,100,"IND",1,2,"SAPLING",0.00049086
"STEESE","3_2",2,"BENE",0.4,90,"IND",1,2,"SAPLING",0.00087264
"STEESE","3_2",2,"POTR",0.2,90,"IND",1,2,"SAPLING",0.00021816
"STEESE","3_2",2,"BENE",0.5,60,"IND",1,2,"SAPLING",0.0013635
"STEESE","3_2",2,"BENE",0.5,10,"IND",1,2,"SAPLING",0.0013635
"STEESE","3_2",2,"BENE",1.4,75,"IND",1,2,"SAPLING",0.01068984
"STEESE","3_2",2,"POTR",0.1,100,"IND",1,2,"SAPLING",5.454e-05
"STEESE","3_2",2,"BENE",0.2,100,"IND",1,2,"SAPLING",0.00021816
"STEESE","3_2",2,"POTR",0.4,100,"IND",1,2,"SAPLING",0.00087264
"STEESE","3_2",2,"BENE",0.7,80,"IND",1,2,"SAPLING",0.00267246
"STEESE","3_2",2,"ARCT",0.1,100,"IND",1,2,"SAPLING",5.454e-05
"STEESE","3_2",2,"ARCT",1.9,93.33333333,"CLUMP",6,2,"SAPLING",0.01968894
"STEESE","19_2",2,"POTR",0.3,100,"IND",1,1,"SAPLING",0.00049086
"STEESE","19_2",2,"SALIX",0.3,95,"IND",1,1,"SAPLING",0.00049086
"STEESE","19_2",2,"SALIX",0.7,80,"IND",1,1,"SAPLING",0.00267246
"STEESE","19_2",2,"SALIX",0.1,100,"IND",1,1,"SAPLING",5.454e-05
"STEESE","19_2",2,"SALIX",1.2,90,"CLUMP",4,1,"SAPLING",0.00785376
"STEESE","27_2",2,"BENE",0.5,100,"IND",1,2,"SAPLING",0.0013635
"STEESE","27_2",2,"SALIX",0.6,95,"IND",1,2,"SAPLING",0.00196344
"STEESE","27_2",2,"SALIX",0.3,100,"IND",1,2,"SAPLING",0.00049086
"STEESE","27_2",2,"BENE",0.4,100,"IND",1,2,"SAPLING",0.00087264
"STEESE","27_2",2,"BENE",0.5,100,"IND",1,2,"SAPLING",0.0013635
"STEESE","27_2",2,"BENE",0.3,100,"IND",1,2,"SAPLING",0.00049086
"STEESE","27_2",2,"BENE",0.1,95,"IND",1,2,"SAPLING",5.454e-05
"STEESE","27_2",2,"BENE",0.9,95,"IND",1,2,"SAPLING",0.00441774
"STEESE","27_2",2,"BENE",0.5,100,"IND",1,2,"SAPLING",0.0013635
"STEESE","27_2",2,"BENE",0.4,95,"IND",1,2,"SAPLING",0.00087264
"STEESE","27_2",2,"BENE",0.5,95,"IND",1,2,"SAPLING",0.0013635
"STEESE","27_2",2,"BENE",0.7,90,"IND",1,2,"SAPLING",0.00267246
"STEESE","27_2",2,"BENE",0.5,100,"IND",1,2,"SAPLING",0.0013635
"STEESE","27_2",2,"BENE",0.9,97.5,"CLUMP",2,2,"SAPLING",0.00441774
"STEESE","28_1",1,"BENE",0.3,5,"IND",1,1,"SAPLING",0.00049086
"STEESE","28_1",1,"BENE",1,95,"IND",1,1,"SAPLING",0.005454
"STEESE","28_1",1,"BENE",0.4,90,"IND",1,1,"SAPLING",0.00087264
"STEESE","28_1",1,"SALIX",0.5,95,"IND",1,1,"SAPLING",0.0013635
"STEESE","28_1",1,"BENE",0.4,85,"IND",1,1,"SAPLING",0.00087264
"STEESE","28_1",1,"SALIX",0.4,100,"CLUMP",2,1,"SAPLING",0.00087264
"STEESE","28_1",1,"BENE",0.2,100,"IND",1,1,"SAPLING",0.00021816
"STEESE","28_1",1,"BENE",0.2,100,"IND",1,1,"SAPLING",0.00021816
"STEESE","5_1",1,"BENE",1.5,95,"IND",1,2,"SAPLING",0.0122715
"STEESE","5_1",1,"BENE",1.5,100,"IND",1,2,"SAPLING",0.0122715
"STEESE","5_1",1,"BENE",0.6,90,"IND",1,2,"SAPLING",0.00196344
"STEESE","5_1",1,"BENE",2,90,"IND",1,2,"SAPLING",0.021816
"STEESE","5_1",1,"BENE",0.6,90,"IND",1,2,"SAPLING",0.00196344
"STEESE","5_1",1,"BENE",1,90,"IND",1,2,"SAPLING",0.005454
"STEESE","5_1",1,"ALCR",4,86,"CLUMP",5,2,"SAPLING",0.087264
"STEESE","5_1",1,"ALCR",8.1,85.625,"CLUMP",8,2,"SAPLING",0.35783694
"STEESE","5_1",1,"BENE",3.4,100,"IND",1,2,"SAPLING",0.06304824
"STEESE","5_1",1,"ARCT",2.8,85,"CLUMP",7,2,"SAPLING",0.04275936
"STEESE","5_1",1,"BENE",0.2,90,"IND",1,2,"SAPLING",0.00021816
"STEESE","34_2",2,"SALIX",2.7,80,"CLUMP",4,2,"TREE",0.03975966
"STEESE","34_2",2,"BENE",5,95,"IND",1,2,"TREE",0.13635
"STEESE","22_3",3,"SALIX",4.2,62,"CLUMP",5,2,"TREE",0.09620856
"STEESE","22_3",3,"SALIX",3.4,99,"CLUMP",5,2,"TREE",0.06304824
"STEESE","22_3",3,"SALIX",7.4,81.66666667,"CLUMP",6,2,"TREE",0.29866104
"STEESE","22_3",3,"POTR",2.6,95,"IND",1,2,"TREE",0.03686904
"STEESE","22_3",3,"SALIX",5.4,72.5,"CLUMP",4,2,"TREE",0.15903864
"STEESE","22_3",3,"BENE",2.6,90,"IND",1,2,"TREE",0.03686904
"STEESE","22_3",3,"SALIX",2.6,85,"IND",1,2,"TREE",0.03686904
"STEESE","22_3",3,"BENE",2.6,97.5,"CLUMP",4,2,"TREE",0.03686904
"STEESE","22_3",3,"POTR",3.5,95,"IND",1,2,"TREE",0.0668115
"STEESE","22_3",3,"POTR",4.2,90,"CLUMP",2,2,"TREE",0.09620856
"STEESE","22_3",3,"POTR",2.6,95,"IND",1,2,"TREE",0.03686904
"STEESE","22_3",3,"POTR",3.2,90,"IND",1,2,"TREE",0.05584896
"STEESE","22_3",3,"POTR",3.2,95,"IND",1,2,"TREE",0.05584896
"STEESE","22_3",3,"SALIX",6,67,"CLUMP",5,2,"TREE",0.196344
"STEESE","22_3",3,"SALIX",3.8,60.625,"CLUMP",8,2,"TREE",0.07875576
"STEESE","22_3",3,"SALIX",2.9,93.75,"CLUMP",4,2,"TREE",0.04586814
"STEESE","22_3",3,"POTR",2.9,95,"IND",1,2,"TREE",0.04586814
"STEESE","22_3",3,"SALIX",3.9,87.5,"CLUMP",4,2,"TREE",0.08295534
"STEESE","17_3",3,"POTR",3.2,100,"IND",1,2,"TREE",0.05584896
"STEESE","17_3",3,"SALIX",9.6,95.45454545,"CLUMP",11,2,"TREE",0.50264064
"STEESE","17_3",3,"POTR",4,95,"IND",1,2,"TREE",0.087264
"STEESE","17_3",3,"SALIX",2.9,91,"CLUMP",5,2,"TREE",0.04586814
"STEESE","17_3",3,"SALIX",3.5,91.66666667,"CLUMP",3,2,"TREE",0.0668115
"STEESE","17_3",3,"POTR",2.8,95,"IND",1,2,"TREE",0.04275936
"STEESE","17_3",3,"POTR",2.7,95,"IND",1,2,"TREE",0.03975966
"STEESE","17_3",3,"SALIX",2.8,93.75,"CLUMP",4,2,"TREE",0.04275936
"STEESE","17_3",3,"POTR",9.7,95,"IND",8,2,"TREE",0.51316686
"STEESE","17_3",3,"POTR",3.1,95,"IND",1,2,"TREE",0.05241294
"STEESE","17_3",3,"SALIX",4.7,94.16666667,"CLUMP",6,2,"TREE",0.12047886
"STEESE","17_3",3,"POTR",3.2,100,"CLUMP",2,2,"TREE",0.05584896
"STEESE","17_3",3,"POTR",4.7,70,"CLUMP",2,2,"TREE",0.12047886
"STEESE","25_3",3,"SALIX",3.1,92.5,"CLUMP",2,2,"TREE",0.05241294
"STEESE","25_3",3,"POTR",3.3,100,"IND",1,2,"TREE",0.05939406
"STEESE","25_3",3,"SALIX",3.3,92.5,"CLUMP",2,2,"TREE",0.05939406
"STEESE","25_3",3,"SALIX",3.6,75,"CLUMP",5,2,"TREE",0.07068384
"STEESE","25_3",3,"POTR",3.6,100,"IND",1,2,"TREE",0.07068384
"STEESE","25_3",3,"POTR",2.7,100,"IND",1,2,"TREE",0.03975966
"STEESE","25_3",3,"POTR",2.6,95,"IND",1,2,"TREE",0.03686904
"STEESE","25_3",3,"SALIX",3.4,98.75,"CLUMP",4,2,"TREE",0.06304824
"STEESE","25_3",3,"POTR",3,100,"IND",1,2,"TREE",0.049086
"STEESE","25_3",3,"BENE",2.7,100,"IND",1,2,"TREE",0.03975966
"STEESE","25_3",3,"POTR",2.8,100,"IND",1,2,"TREE",0.04275936
"STEESE","25_3",3,"SALIX",2.7,96.66666667,"CLUMP",3,2,"TREE",0.03975966
"STEESE","25_3",3,"POTR",4.7,100,"CLUMP",2,2,"TREE",0.12047886
"STEESE","25_3",3,"SALIX",3,97.5,"CLUMP",2,2,"TREE",0.049086
"STEESE","25_3",3,"POTR",4.2,100,"IND",1,2,"TREE",0.09620856
"STEESE","25_3",3,"POTR",3.4,100,"IND",1,2,"TREE",0.06304824
"STEESE","35_3",3,"SALIX",7.8,42,"CLUMP",5,2,"TREE",0.33182136
"STEESE","35_3",3,"SALIX",14.7,76.25,"CLUMP",8,2,"TREE",1.17855486
"STEESE","35_3",3,"SALIX",16.3,60.71428571,"CLUMP",14,2,"TREE",1.44907326
"STEESE","35_3",3,"SALIX",8.9,77.14285714,"CLUMP",7,2,"TREE",0.43201134
"STEESE","35_3",3,"SALIX",7.7,73,"CLUMP",5,2,"TREE",0.32336766
"STEESE","35_3",3,"SALIX",7.5,66,"CLUMP",5,2,"TREE",0.3067875
"STEESE","35_3",3,"SALIX",9.6,69,"CLUMP",5,2,"TREE",0.50264064
"STEESE","35_3",3,"BENE",26.2,87.94117647,"CLUMP",17,2,"TREE",3.74384376
"STEESE","35_3",3,"ARCT",7.2,64.73684211,"CLUMP",19,2,"TREE",0.28273536
"STEESE","35_3",3,"ARCT",15.5,85.625,"CLUMP",24,2,"TREE",1.3103235
"STEESE","35_3",3,"ARCT",3.3,95.55555556,"CLUMP",9,2,"TREE",0.05939406
"STEESE","35_3",3,"SALIX",6.6,61.66666667,"CLUMP",3,2,"TREE",0.23757624
"STEESE","35_3",3,"ARCT",3.2,40,"CLUMP",4,2,"TREE",0.05584896
"STEESE","35_3",3,"BENE",3.7,94,"CLUMP",5,2,"TREE",0.07466526
"STEESE","35_3",3,"BENE",2.7,100,"IND",1,2,"TREE",0.03975966
"STEESE","35_3",3,"POBA",2.8,92.5,"CLUMP",2,2,"TREE",0.04275936
"STEESE","35_3",3,"SALIX",2.8,100,"CLUMP",2,2,"TREE",0.04275936
"STEESE","24_3",3,"SALIX",5.3,32.5,"CLUMP",4,2,"TREE",0.15320286
"STEESE","24_3",3,"POTR",2.7,95,"IND",1,2,"TREE",0.03975966
"STEESE","24_3",3,"POTR",3.7,95,"IND",1,2,"TREE",0.07466526
"STEESE","24_3",3,"SALIX",3.3,92.5,"CLUMP",2,2,"TREE",0.05939406
"STEESE","24_3",3,"POTR",6.4,98,"IND",1,2,"TREE",0.22339584
"STEESE","24_3",3,"POTR",2.9,100,"IND",1,2,"TREE",0.04586814
"STEESE","24_3",3,"POTR",3.2,90,"IND",1,2,"TREE",0.05584896
"STEESE","24_3",3,"POTR",3.4,95,"IND",1,2,"TREE",0.06304824
"STEESE","24_3",3,"POTR",7.5,100,"CLUMP",2,2,"TREE",0.3067875
"STEESE","24_3",3,"POTR",2.6,90,"IND",1,2,"TREE",0.03686904
"STEESE","24_3",3,"POTR",4.5,95,"IND",1,2,"TREE",0.1104435
"STEESE","24_3",3,"BENE",3.6,100,"IND",1,2,"TREE",0.07068384
"STEESE","24_3",3,"POTR",5.1,100,"IND",1,2,"TREE",0.14185854
"STEESE","24_3",3,"POTR",4.9,100,"IND",1,2,"TREE",0.13095054
"STEESE","24_3",3,"POTR",4.2,100,"IND",1,2,"TREE",0.09620856
"STEESE","24_3",3,"POTR",3.1,95,"IND",1,2,"TREE",0.05241294
"STEESE","24_3",3,"POTR",5.7,95,"IND",1,2,"TREE",0.17720046
"STEESE","24_3",3,"POTR",3.7,100,"IND",1,2,"TREE",0.07466526
"STEESE","24_3",3,"SALIX",2.9,95,"CLUMP",3,2,"TREE",0.04586814
"STEESE","24_3",3,"POTR",3.1,100,"IND",1,2,"TREE",0.05241294
"STEESE","24_3",3,"POTR",3.1,95,"IND",1,2,"TREE",0.05241294
"STEESE","24_3",3,"POTR",10.2,100,"CLUMP",2,2,"TREE",0.56743416
"STEESE","24_3",3,"POTR",4.1,95,"IND",1,2,"TREE",0.09168174
"STEESE","24_3",3,"POTR",3.2,95,"IND",1,2,"TREE",0.05584896
"STEESE","24_3",3,"POTR",4.6,90,"IND",1,2,"TREE",0.11540664
"STEESE","24_3",3,"POTR",3.6,90,"IND",1,2,"TREE",0.07068384
"STEESE","24_3",3,"POTR",3.4,80,"IND",1,2,"TREE",0.06304824
"STEESE","24_3",3,"POTR",5.4,100,"IND",1,2,"TREE",0.15903864
"STEESE","24_3",3,"POTR",2.9,90,"IND",1,2,"TREE",0.04586814
"STEESE","24_3",3,"POTR",4.3,95,"IND",1,2,"TREE",0.10084446
"STEESE","24_3",3,"POTR",6.5,100,"IND",1,2,"TREE",0.2304315
"STEESE","24_3",3,"POTR",3.2,95,"IND",1,2,"TREE",0.05584896
"STEESE","24_3",3,"POTR",4.1,80,"IND",1,2,"TREE",0.09168174
"STEESE","24_3",3,"POTR",3.2,66.66666667,"CLUMP",3,2,"TREE",0.05584896
"STEESE","24_3",3,"POTR",4.7,90,"IND",1,2,"TREE",0.12047886
"STEESE","24_3",3,"SALIX",2.8,96.25,"CLUMP",4,2,"TREE",0.04275936
"STEESE","24_3",3,"POTR",5.2,100,"IND",1,2,"TREE",0.14747616
"STEESE","24_3",3,"POTR",3.5,95,"IND",1,2,"TREE",0.0668115
"STEESE","24_3",3,"POTR",4.2,95,"IND",1,2,"TREE",0.09620856
"STEESE","24_3",3,"POTR",7,90,"CLUMP",2,2,"TREE",0.267246
"STEESE","24_3",3,"SALIX",3,35,"CLUMP",2,2,"TREE",0.049086
"STEESE","24_3",3,"POTR",2.8,95,"IND",1,2,"TREE",0.04275936
"STEESE","26_2",2,"ALCR",2.6,100,"IND",1,2,"TREE",0.03686904
"STEESE","26_2",2,"ALCR",6.6,98,"CLUMP",5,2,"TREE",0.23757624
"STEESE","33_1",1,"ALCR",3.6,98.33333333,"CLUMP",3,1,"TREE",0.07068384
"STEESE","33_1",1,"PIME",10.3,100,"IND",1,1,"TREE",0.57861486
"STEESE","33_1",1,"PIME",4.9,95,"IND",1,1,"TREE",0.13095054
"STEESE","33_1",1,"PIME",6.6,80,"IND",1,1,"TREE",0.23757624
"STEESE","33_1",1,"PIME",6.8,90,"IND",1,1,"TREE",0.25219296
"STEESE","29_1",1,"BENE",8.9,97,"CLUMP",5,2,"TREE",0.43201134
"STEESE","29_1",1,"BENE",12.1,96.07142857,"CLUMP",14,2,"TREE",0.79852014
"STEESE","29_1",1,"BENE",2.7,95,"IND",1,2,"TREE",0.03975966
"STEESE","23_3",3,"SALIX",3.1,82.5,"CLUMP",4,2,"TREE",0.05241294
"STEESE","23_3",3,"POTR",2.8,80,"IND",1,2,"TREE",0.04275936
"STEESE","23_3",3,"SALIX",2.7,56.66666667,"CLUMP",3,2,"TREE",0.03975966
"STEESE","23_3",3,"SALIX",3.6,90.71428571,"CLUMP",7,2,"TREE",0.07068384
"STEESE","23_3",3,"SALIX",4.5,94.16666667,"CLUMP",6,2,"TREE",0.1104435
"STEESE","2_3",3,"POTR",3.6,90,"IND",1,2,"TREE",0.07068384
"STEESE","2_3",3,"POTR",2.8,80,"IND",1,2,"TREE",0.04275936
"STEESE","2_3",3,"POTR",5.3,80,"IND",1,2,"TREE",0.15320286
"STEESE","2_3",3,"SALIX",3.1,90,"IND",1,2,"TREE",0.05241294
"STEESE","2_3",3,"SALIX",3.4,95,"IND",1,2,"TREE",0.06304824
"STEESE","2_3",3,"POTR",3.3,95,"IND",1,2,"TREE",0.05939406
"STEESE","2_3",3,"POTR",11.1,90,"CLUMP",4,2,"TREE",0.67198734
"STEESE","2_3",3,"POTR",2.6,95,"IND",1,2,"TREE",0.03686904
"STEESE","2_3",3,"POTR",4.1,92.5,"CLUMP",2,2,"TREE",0.09168174
"STEESE","2_3",3,"POTR",4.7,95,"IND",1,2,"TREE",0.12047886
"STEESE","2_3",3,"POTR",4.2,95,"IND",1,2,"TREE",0.09620856
"STEESE","2_3",3,"BENE",3.5,95,"IND",1,2,"TREE",0.0668115
"STEESE","2_3",3,"POTR",2.7,95,"IND",1,2,"TREE",0.03975966
"STEESE","2_3",3,"POTR",5,95,"CLUMP",2,2,"TREE",0.13635
"STEESE","2_3",3,"POTR",4.5,95,"IND",1,2,"TREE",0.1104435
"STEESE","2_3",3,"POTR",4.6,95,"IND",1,2,"TREE",0.11540664
"STEESE","2_3",3,"SALIX",2.7,90,"IND",1,2,"TREE",0.03975966
"STEESE","2_3",3,"POTR",4.1,95,"IND",1,2,"TREE",0.09168174
"STEESE","2_3",3,"POTR",2.6,90,"IND",1,2,"TREE",0.03686904
"STEESE","2_3",3,"POTR",3,80,"IND",1,2,"TREE",0.049086
"STEESE","2_3",3,"POTR",2.8,95,"IND",1,2,"TREE",0.04275936
"STEESE","2_3",3,"BENE",2.8,90,"IND",1,2,"TREE",0.04275936
"STEESE","2_3",3,"POTR",3.8,97.5,"CLUMP",2,2,"TREE",0.07875576
"STEESE","2_3",3,"POTR",2.7,95,"IND",1,2,"TREE",0.03975966
"STEESE","2_3",3,"POTR",3.6,90,"IND",1,2,"TREE",0.07068384
"STEESE","2_3",3,"POTR",4.7,95,"IND",1,2,"TREE",0.12047886
"STEESE","36_3",3,"SALIX",3.5,75.55555556,"CLUMP",9,2,"TREE",0.0668115
"STEESE","20_1",1,"SALIX",12.8,100,"CLUMP",6,2,"TREE",0.89358336
"STEESE","20_1",1,"SALIX",3.1,76,"CLUMP",5,2,"TREE",0.05241294
"STEESE","3_2",2,"BENE",3.2,66.66666667,"CLUMP",3,2,"TREE",0.05584896
"STEESE","19_2",2,"BENE",3.4,92.5,"CLUMP",2,1,"TREE",0.06304824
"STEESE","19_2",2,"SALIX",9.2,57.89473684,"CLUMP",19,1,"TREE",0.46162656
"STEESE","5_1",1,"ALCR",4,86,"CLUMP",5,2,"TREE",0.087264
"STEESE","5_1",1,"ALCR",8.1,85.625,"CLUMP",8,2,"TREE",0.35783694
"STEESE","5_1",1,"BENE",3.4,100,"IND",1,2,"TREE",0.06304824
"STEESE","5_1",1,"ARCT",2.8,85,"CLUMP",7,2,"TREE",0.04275936
"STEESE","1_0",0,"PIME",0.635,75,"IND",1,1,"SAPLING",0.00219918915
"STEESE","1_0",0,"PIME",1.42875,50,"IND",1,1,"SAPLING",0.011133395071875
"STEESE","1_0",0,"PIME",1.349375,25,"IND",1,1,"SAPLING",0.00993071350546875
"STEESE","1_0",0,"PIME",1.031875,50,"IND",1,1,"SAPLING",0.00580723384921875
"STEESE","1_0",0,"PIME",0.555625,75,"IND",1,1,"SAPLING",0.00168375419296875
"STEESE","1_0",0,"PIME",2.2225,90,"IND",1,1,"SAPLING",0.0269400670875
"STEESE","1_0",0,"PIME",2.143125,75,"IND",1,1,"SAPLING",0.0250501389117187
"STEESE","1_0",0,"PIME",0.635,90,"IND",1,1,"SAPLING",0.00219918915
"STEESE","1_0",0,"PIME",2.38125,25,"IND",1,1,"SAPLING",0.030926097421875
"STEESE","1_0",0,"PIME",2.06375,90,"IND",1,1,"SAPLING",0.023228935396875
"STEESE","1_0",0,"PIME",1.74625,100,"IND",1,1,"SAPLING",0.016631367946875
"STEESE","1_0",0,"PIME",1.5875,80,"IND",1,1,"SAPLING",0.0137449321875
"STEESE","1_0",0,"PIME",1.031875,90,"IND",1,1,"SAPLING",0.00580723384921875
"STEESE","1_0",0,"PIME",0.635,75,"IND",1,1,"SAPLING",0.00219918915
"STEESE","1_0",0,"PIME",1.031875,75,"IND",1,1,"SAPLING",0.00580723384921875
"STEESE","1_0",0,"PIME",1.905,80,"IND",1,1,"SAPLING",0.01979270235
"STEESE","1_0",0,"PIME",0.714375,75,"IND",1,1,"SAPLING",0.00278334876796875
"STEESE","1_0",0,"PIME",2.38125,85,"IND",1,1,"SAPLING",0.030926097421875
"STEESE","1_0",0,"PIME",1.27,80,"IND",1,1,"SAPLING",0.0087967566
"STEESE","1_0",0,"PIME",0.79375,90,"IND",1,1,"SAPLING",0.003436233046875
"STEESE","1_0",0,"PIME",1.42875,90,"IND",1,1,"SAPLING",0.011133395071875
"STEESE","1_0",0,"PIME",0.79375,75,"IND",1,1,"SAPLING",0.003436233046875
"STEESE","1_0",0,"PIME",1.190625,50,"IND",1,1,"SAPLING",0.00773152435546875
"STEESE","1_0",0,"PIME",2.38125,75,"IND",1,1,"SAPLING",0.030926097421875
"STEESE","1_0",0,"PIME",0.9525,90,"IND",1,1,"SAPLING",0.0049481755875
"STEESE","1_0",0,"PIME",1.666875,95,"IND",1,1,"SAPLING",0.0151537877367188
"STEESE","1_0",0,"PIME",0.635,75,"IND",1,1,"SAPLING",0.00219918915
"STEESE","1_0",0,"PIME",1.74625,50,"IND",1,1,"SAPLING",0.016631367946875
"STEESE","1_0",0,"PIME",1.74625,80,"IND",1,1,"SAPLING",0.016631367946875
"STEESE","1_0",0,"PIME",2.06375,95,"IND",1,1,"SAPLING",0.023228935396875
"STEESE","1_0",0,"PIME",1.508125,80,"IND",1,1,"SAPLING",0.0124048012992187
"STEESE","1_0",0,"PIME",2.143125,90,"IND",1,1,"SAPLING",0.0250501389117187
"STEESE","1_0",0,"PIME",0.555625,95,"IND",1,1,"SAPLING",0.00168375419296875
"STEESE","1_0",0,"PIME",1.74625,80,"IND",1,1,"SAPLING",0.016631367946875
"STEESE","1_0",0,"PIME",2.2225,75,"IND",1,1,"SAPLING",0.0269400670875
"STEESE","1_0",0,"PIME",2.2225,10,"IND",1,1,"SAPLING",0.0269400670875
"STEESE","1_0",0,"PIME",1.984375,80,"IND",1,1,"SAPLING",0.0214764565429687
"STEESE","1_0",0,"PIME",0.9525,10,"IND",1,1,"SAPLING",0.0049481755875
"STEESE","1_0",0,"PIME",1.984375,50,"IND",1,1,"SAPLING",0.0214764565429687
"STEESE","1_0",0,"PIME",2.2225,75,"IND",1,1,"SAPLING",0.0269400670875
"STEESE","1_0",0,"PIME",0.79375,90,"IND",1,1,"SAPLING",0.003436233046875
"STEESE","1_0",0,"PIME",1.190625,50,"IND",1,1,"SAPLING",0.00773152435546875
"STEESE","1_0",0,"PIME",0.714375,90,"IND",1,1,"SAPLING",0.00278334876796875
"STEESE","1_0",0,"PIME",1.825625,90,"IND",1,1,"SAPLING",0.0181776728179688
"STEESE","1_0",0,"PIME",0.873125,90,"IND",1,1,"SAPLING",0.00415784198671875
"STEESE","1_0",0,"PIME",2.143125,90,"IND",1,1,"SAPLING",0.0250501389117187
"STEESE","1_0",0,"PIME",2.301875,10,"IND",1,1,"SAPLING",0.0288987199242187
"STEESE","1_0",0,"PIME",1.5875,90,"IND",1,1,"SAPLING",0.0137449321875
"STEESE","1_0",0,"PIME",1.666875,90,"IND",1,1,"SAPLING",0.0151537877367188
"STEESE","1_0",0,"PIME",1.349375,80,"IND",1,1,"SAPLING",0.00993071350546875
"STEESE","1_0",0,"PIME",1.27,100,"IND",1,1,"SAPLING",0.0087967566
"STEESE","1_0",0,"PIME",0.79375,90,"IND",1,1,"SAPLING",0.003436233046875
"STEESE","1_0",0,"PIME",0.3175,80,"IND",1,1,"SAPLING",0.0005497972875
"STEESE","1_0",0,"PIME",1.11125,95,"IND",1,1,"SAPLING",0.006735016771875
"STEESE","1_0",0,"PIME",1.5875,50,"IND",1,1,"SAPLING",0.0137449321875
"STEESE","1_0",0,"PIME",1.5875,90,"IND",1,1,"SAPLING",0.0137449321875
"STEESE","1_0",0,"PIME",1.74625,100,"IND",1,1,"SAPLING",0.016631367946875
"STEESE","1_0",0,"PIME",1.11125,20,"IND",1,1,"SAPLING",0.006735016771875
"STEESE","1_0",0,"PIME",1.031875,60,"IND",1,1,"SAPLING",0.00580723384921875
"STEESE","1_0",0,"PIME",1.42875,95,"IND",1,1,"SAPLING",0.011133395071875
"STEESE","31_0",0,"PIME",2.460625,100,"IND",1,1,"SAPLING",0.0330221995804687
"STEESE","31_0",0,"PIME",1.031875,95,"IND",1,1,"SAPLING",0.00580723384921875
"STEESE","31_0",0,"PIME",2.2225,50,"IND",1,1,"SAPLING",0.0269400670875
"STEESE","31_0",0,"PIME",1.905,80,"IND",1,1,"SAPLING",0.01979270235
"STEESE","31_0",0,"PIME",0.635,50,"IND",1,1,"SAPLING",0.00219918915
"STEESE","31_0",0,"PIME",1.190625,75,"IND",1,1,"SAPLING",0.00773152435546875
"STEESE","31_0",0,"PIME",1.27,90,"IND",1,1,"SAPLING",0.0087967566
"STEESE","31_0",0,"PIME",1.666875,75,"IND",1,1,"SAPLING",0.0151537877367188
"STEESE","31_0",0,"PIME",2.301875,95,"IND",1,1,"SAPLING",0.0288987199242187
"STEESE","31_0",0,"PIME",2.38125,50,"IND",1,1,"SAPLING",0.030926097421875
"STEESE","31_0",0,"PIME",0.396875,90,"IND",1,1,"SAPLING",0.00085905826171875
"STEESE","31_0",0,"PIME",0.714375,75,"IND",1,1,"SAPLING",0.00278334876796875
"STEESE","31_0",0,"PIME",0.555625,100,"IND",1,1,"SAPLING",0.00168375419296875
"STEESE","31_0",0,"PIME",2.143125,90,"IND",1,1,"SAPLING",0.0250501389117187
"STEESE","31_0",0,"PIME",0.9525,75,"IND",1,1,"SAPLING",0.0049481755875
"STEESE","31_0",0,"PIME",0.873125,90,"IND",1,1,"SAPLING",0.00415784198671875
"STEESE","6_0",0,"PIME",1.27,90,"IND",1,1,"SAPLING",0.0087967566
"STEESE","6_0",0,"PIME",1.031875,95,"IND",1,1,"SAPLING",0.00580723384921875
"STEESE","6_0",0,"PIME",1.5875,90,"IND",1,1,"SAPLING",0.0137449321875
"STEESE","6_0",0,"PIME",1.74625,10,"IND",1,1,"SAPLING",0.016631367946875
"STEESE","6_0",0,"PIME",1.905,95,"IND",1,1,"SAPLING",0.01979270235
"STEESE","6_0",0,"PIME",2.301875,90,"IND",1,1,"SAPLING",0.0288987199242187
"STEESE","6_0",0,"PIME",1.74625,95,"IND",1,1,"SAPLING",0.016631367946875
"STEESE","6_0",0,"PIME",1.74625,80,"IND",1,1,"SAPLING",0.016631367946875
"STEESE","6_0",0,"PIME",2.06375,90,"IND",1,1,"SAPLING",0.023228935396875
"STEESE","6_0",0,"PIME",2.2225,95,"IND",1,1,"SAPLING",0.0269400670875
"STEESE","6_0",0,"PIME",1.349375,95,"IND",1,1,"SAPLING",0.00993071350546875
"STEESE","6_0",0,"PIME",2.936875,90,"IND",1,1,"SAPLING",0.0470420304117187
"STEESE","6_0",0,"PIME",7.46125,70,"CLUMP",2,1,"SAPLING",0.303625552021875
"STEESE","6_0",0,"PIME",0.396875,90,"IND",1,1,"SAPLING",0.00085905826171875
"STEESE","6_0",0,"PIME",3.889375,95,"IND",1,1,"SAPLING",0.0825039554554687
"STEESE","6_0",0,"SALIX",5.159375,80,"IND",1,1,"SAPLING",0.145180846230469
"STEESE","6_0",0,"PIME",0.9525,75,"IND",1,1,"SAPLING",0.0049481755875
"STEESE","9_0",0,"PIME",6.82625,30,"IND",1,1,"SAPLING",0.254143796146875
"STEESE","9_0",0,"PIME",4.92125,10,"IND",1,1,"SAPLING",0.132088798321875
"STEESE","9_0",0,"PIME",3.81,5,"IND",1,1,"SAPLING",0.0791708094
"STEESE","9_0",0,"PIME",5.000625,90,"IND",1,1,"SAPLING",0.136384089630469
"STEESE","9_0",0,"PIME",4.445,95,"IND",1,1,"SAPLING",0.10776026835
"STEESE","9_0",0,"PIME",6.35,95,"IND",1,1,"SAPLING",0.219918915
"STEESE","9_0",0,"PIME",4.445,95,"IND",1,1,"SAPLING",0.10776026835
"STEESE","9_0",0,"PIME",5.08,50,"IND",1,1,"SAPLING",0.1407481056
"STEESE","9_0",0,"PIME",4.92125,25,"IND",1,1,"SAPLING",0.132088798321875
"STEESE","9_0",0,"PIME",1.508125,95,"IND",1,1,"SAPLING",0.0124048012992187
"STEESE","9_0",0,"PIME",5.159375,80,"IND",1,1,"SAPLING",0.145180846230469
"STEESE","9_0",0,"PIME",2.301875,90,"IND",1,1,"SAPLING",0.0288987199242187
"STEESE","9_0",0,"PIME",4.1275,85,"IND",1,1,"SAPLING",0.0929157415875
"STEESE","9_0",0,"PIME",7.7,75,"IND",1,1,"SAPLING",0.32336766
"STEESE","9_0",0,"PIME",1.11125,85,"IND",1,1,"SAPLING",0.006735016771875
"STEESE","9_0",0,"PIME",5.318125,80,"IND",1,1,"SAPLING",0.154252501474219
"STEESE","9_0",0,"PIME",7.7,90,"IND",1,1,"SAPLING",0.32336766
"STEESE","9_0",0,"PIME",5.794375,90,"IND",1,1,"SAPLING",0.183116859067969
"STEESE","9_0",0,"PIME",1.508125,75,"IND",1,1,"SAPLING",0.0124048012992187
"STEESE","9_0",0,"PIME",10.1,90,"IND",1,1,"SAPLING",0.55636254
"STEESE","9_0",0,"PIME",0.3175,85,"IND",1,1,"SAPLING",0.0005497972875
"STEESE","9_0",0,"PIME",1.5875,60,"IND",1,1,"SAPLING",0.0137449321875
"STEESE","9_0",0,"PIME",0.9525,85,"IND",1,1,"SAPLING",0.0049481755875
"STEESE","9_0",0,"PIME",1.27,100,"IND",1,1,"SAPLING",0.0087967566
"STEESE","1_0",0,"PIME",5.159375,75,"IND",1,1,"TREE",0.145180846230469
"STEESE","1_0",0,"PIME",4.445,50,"IND",1,1,"TREE",0.10776026835
"STEESE","1_0",0,"PIME",4.445,80,"IND",1,1,"TREE",0.10776026835
"STEESE","1_0",0,"PIME",4.206875,70,"IND",1,1,"TREE",0.0965237862867188
"STEESE","1_0",0,"PIME",3.65125,90,"IND",1,1,"TREE",0.072710691271875
"STEESE","1_0",0,"PIME",5.87375,75,"IND",1,1,"TREE",0.188168121646875
"STEESE","1_0",0,"PIME",3.33375,75,"IND",1,1,"TREE",0.060615150946875
"STEESE","1_0",0,"PIME",5.794375,75,"IND",1,1,"TREE",0.183116859067969
"STEESE","1_0",0,"PIME",2.54,80,"IND",1,1,"TREE",0.0351870264
"STEESE","1_0",0,"PIME",5.715,40,"IND",1,1,"TREE",0.17813432115
"STEESE","1_0",0,"PIME",3.33375,80,"IND",1,1,"TREE",0.060615150946875
"STEESE","1_0",0,"PIME",4.92125,25,"IND",1,1,"TREE",0.132088798321875
"STEESE","1_0",0,"PIME",3.413125,90,"IND",1,1,"TREE",0.0635359490367187
"STEESE","1_0",0,"PIME",2.8575,75,"IND",1,1,"TREE",0.0445335802875
"STEESE","1_0",0,"PIME",7.62,90,"IND",1,1,"TREE",0.3166832376
"STEESE","1_0",0,"PIME",3.81,80,"IND",1,1,"TREE",0.0791708094
"STEESE","1_0",0,"PIME",5.953125,75,"IND",1,1,"TREE",0.193288108886719
"STEESE","1_0",0,"PIME",4.445,50,"IND",1,1,"TREE",0.10776026835
"STEESE","1_0",0,"PIME",2.54,80,"IND",1,1,"TREE",0.0351870264
"STEESE","1_0",0,"PIME",3.571875,25,"IND",1,1,"TREE",0.0695837191992187
"STEESE","1_0",0,"PIME",3.175,90,"IND",1,1,"TREE",0.05497972875
"STEESE","1_0",0,"PIME",2.936875,90,"IND",1,1,"TREE",0.0470420304117187
"STEESE","1_0",0,"PIME",2.619375,90,"IND",1,1,"TREE",0.0374205778804687
"STEESE","1_0",0,"SALIX",2.69875,100,"IND",1,1,"TREE",0.039722854021875
"STEESE","1_0",0,"PIME",2.936875,90,"IND",1,1,"TREE",0.0470420304117187
"STEESE","1_0",0,"PIME",2.8575,75,"IND",1,1,"TREE",0.0445335802875
"STEESE","1_0",0,"PIME",6.588125,100,"IND",1,1,"TREE",0.236722094599219
"STEESE","1_0",0,"PIME",3.571875,50,"IND",1,1,"TREE",0.0695837191992187
"STEESE","1_0",0,"PIME",7.858125,90,"IND",1,1,"TREE",0.336785200924219
"STEESE","1_0",0,"PIME",4.7625,90,"IND",1,1,"TREE",0.1237043896875
"STEESE","1_0",0,"PIME",6.6675,90,"IND",1,1,"TREE",0.2424606037875
"STEESE","1_0",0,"PIME",2.936875,50,"IND",1,1,"TREE",0.0470420304117187
"STEESE","1_0",0,"PIME",3.254375,75,"IND",1,1,"TREE",0.0577630775179687
"STEESE","1_0",0,"PIME",5.55625,90,"IND",1,1,"TREE",0.168375419296875
"STEESE","1_0",0,"PIME",4.445,90,"IND",1,1,"TREE",0.10776026835
"STEESE","1_0",0,"PIME",6.19125,100,"IND",1,1,"TREE",0.209060418571875
"STEESE","1_0",0,"PIME",4.92125,50,"IND",1,1,"TREE",0.132088798321875
"STEESE","1_0",0,"PIME",6.0325,50,"IND",1,1,"TREE",0.1984768207875
"STEESE","1_0",0,"PIME",4.28625,80,"IND",1,1,"TREE",0.100200555646875
"STEESE","1_0",0,"PIME",6.35,95,"IND",1,1,"TREE",0.219918915
"STEESE","1_0",0,"PIME",3.889375,80,"IND",1,1,"TREE",0.0825039554554687
"STEESE","1_0",0,"PIME",2.54,80,"IND",1,1,"TREE",0.0351870264
"STEESE","1_0",0,"PIME",4.92125,10,"IND",1,1,"TREE",0.132088798321875
"STEESE","1_0",0,"PIME",4.92125,75,"IND",1,1,"TREE",0.132088798321875
"STEESE","1_0",0,"PIME",4.841875,75,"IND",1,1,"TREE",0.127862231674219
"STEESE","1_0",0,"PIME",4.048125,80,"IND",1,1,"TREE",0.0893764215492187
"STEESE","1_0",0,"PIME",3.4925,75,"IND",1,1,"TREE",0.0665254717875
"STEESE","1_0",0,"PIME",5.159375,80,"IND",1,1,"TREE",0.145180846230469
"STEESE","1_0",0,"PIME",4.1275,90,"IND",1,1,"TREE",0.0929157415875
"STEESE","1_0",0,"PIME",3.96875,50,"IND",1,1,"TREE",0.085905826171875
"STEESE","1_0",0,"PIME",3.889375,25,"IND",1,1,"TREE",0.0825039554554687
"STEESE","1_0",0,"PIME",3.889375,90,"IND",1,1,"TREE",0.0825039554554687
"STEESE","1_0",0,"PIME",4.365625,50,"IND",1,1,"TREE",0.103946049667969
"STEESE","1_0",0,"PIME",4.365625,80,"IND",1,1,"TREE",0.103946049667969
"STEESE","1_0",0,"PIME",3.4925,80,"IND",1,1,"TREE",0.0665254717875
"STEESE","1_0",0,"PIME",5.23875,95,"IND",1,1,"TREE",0.149682311521875
"STEESE","1_0",0,"PIME",4.524375,75,"IND",1,1,"TREE",0.111643211692969
"STEESE","1_0",0,"PIME",5.55625,50,"IND",1,1,"TREE",0.168375419296875
"STEESE","1_0",0,"PIME",4.365625,75,"IND",1,1,"TREE",0.103946049667969
"STEESE","1_0",0,"PIME",3.4925,50,"IND",1,1,"TREE",0.0665254717875
"STEESE","1_0",0,"PIME",3.33375,60,"IND",1,1,"TREE",0.060615150946875
"STEESE","1_0",0,"PIME",3.254375,75,"IND",1,1,"TREE",0.0577630775179687
"STEESE","1_0",0,"PIME",4.206875,95,"IND",1,1,"TREE",0.0965237862867188
"STEESE","1_0",0,"PIME",5.87375,10,"IND",1,1,"TREE",0.188168121646875
"STEESE","1_0",0,"PIME",5.794375,10,"IND",1,1,"TREE",0.183116859067969
"STEESE","1_0",0,"PIME",5.794375,25,"IND",1,1,"TREE",0.183116859067969
"STEESE","1_0",0,"PIME",2.619375,75,"IND",1,1,"TREE",0.0374205778804687
"STEESE","1_0",0,"PIME",4.7625,80,"IND",1,1,"TREE",0.1237043896875
"STEESE","1_0",0,"PIME",2.69875,75,"IND",1,1,"TREE",0.039722854021875
"STEESE","1_0",0,"PIME",3.96875,75,"IND",1,1,"TREE",0.085905826171875
"STEESE","1_0",0,"PIME",3.33375,70,"IND",1,1,"TREE",0.060615150946875
"STEESE","1_0",0,"PIME",2.936875,90,"IND",1,1,"TREE",0.0470420304117187
"STEESE","1_0",0,"PIME",5.3975,75,"IND",1,1,"TREE",0.1588914160875
"STEESE","1_0",0,"PIME",3.095625,10,"IND",1,1,"TREE",0.0522651046429688
"STEESE","1_0",0,"PIME",4.1275,90,"IND",1,1,"TREE",0.0929157415875
"STEESE","1_0",0,"PIME",4.445,80,"IND",1,1,"TREE",0.10776026835
"STEESE","1_0",0,"PIME",4.28625,75,"IND",1,1,"TREE",0.100200555646875
"STEESE","1_0",0,"PIME",4.445,90,"IND",1,1,"TREE",0.10776026835
"STEESE","1_0",0,"PIME",2.8575,80,"IND",1,1,"TREE",0.0445335802875
"STEESE","1_0",0,"PIME",4.60375,50,"IND",1,1,"TREE",0.115594879696875
"STEESE","1_0",0,"PIME",5.08,80,"IND",1,1,"TREE",0.1407481056
"STEESE","1_0",0,"PIME",5.08,80,"IND",1,1,"TREE",0.1407481056
"STEESE","1_0",0,"PIME",2.69875,50,"IND",1,1,"TREE",0.039722854021875
"STEESE","1_0",0,"PIME",2.54,75,"IND",1,1,"TREE",0.0351870264
"STEESE","1_0",0,"PIME",2.619375,25,"IND",1,1,"TREE",0.0374205778804687
"STEESE","1_0",0,"PIME",4.445,80,"IND",1,1,"TREE",0.10776026835
"STEESE","1_0",0,"PIME",2.936875,80,"IND",1,1,"TREE",0.0470420304117187
"STEESE","1_0",0,"PIME",4.365625,75,"IND",1,1,"TREE",0.103946049667969
"STEESE","1_0",0,"PIME",4.60375,90,"IND",1,1,"TREE",0.115594879696875
"STEESE","1_0",0,"PIME",2.8575,80,"IND",1,1,"TREE",0.0445335802875
"STEESE","1_0",0,"PIME",3.175,60,"IND",1,1,"TREE",0.05497972875
"STEESE","1_0",0,"PIME",4.841875,75,"IND",1,1,"TREE",0.127862231674219
"STEESE","1_0",0,"PIME",7.77875,20,"IND",1,1,"TREE",0.330015821821875
"STEESE","1_0",0,"PIME",5.635625,20,"IND",1,1,"TREE",0.173220507892969
"STEESE","31_0",0,"PIME",4.365625,75,"IND",1,1,"TREE",0.103946049667969
"STEESE","31_0",0,"PIME",7.46125,75,"IND",1,1,"TREE",0.303625552021875
"STEESE","31_0",0,"PIME",10.239375,75,"IND",1,1,"TREE",0.571823541330469
"STEESE","31_0",0,"PIME",4.048125,100,"IND",1,1,"TREE",0.0893764215492187
"STEESE","31_0",0,"PIME",5.23875,95,"IND",1,1,"TREE",0.149682311521875
"STEESE","31_0",0,"PIME",7.62,50,"IND",1,1,"TREE",0.3166832376
"STEESE","31_0",0,"PIME",3.65125,100,"IND",1,1,"TREE",0.072710691271875
"STEESE","31_0",0,"PIME",2.778125,90,"IND",1,1,"TREE",0.0420938548242188
"STEESE","31_0",0,"PIME",6.50875,90,"IND",1,1,"TREE",0.231052310071875
"STEESE","31_0",0,"PIME",8.5725,5,"IND",1,1,"TREE",0.4008022225875
"STEESE","31_0",0,"PIME",7.62,80,"IND",1,1,"TREE",0.3166832376
"STEESE","31_0",0,"PIME",4.1275,25,"IND",1,1,"TREE",0.0929157415875
"STEESE","31_0",0,"PIME",4.048125,75,"IND",1,1,"TREE",0.0893764215492187
"STEESE","31_0",0,"PIME",6.270625,95,"IND",1,1,"TREE",0.214455304455469
"STEESE","31_0",0,"PIME",8.5725,95,"IND",1,1,"TREE",0.4008022225875
"STEESE","31_0",0,"PIME",8.175625,25,"IND",1,1,"TREE",0.364549963942969
"STEESE","31_0",0,"PIME",5.953125,100,"IND",1,1,"TREE",0.193288108886719
"STEESE","31_0",0,"PIME",3.413125,80,"IND",1,1,"TREE",0.0635359490367187
"STEESE","31_0",0,"PIME",5.953125,100,"IND",1,1,"TREE",0.193288108886719
"STEESE","31_0",0,"PIME",2.54,10,"IND",1,1,"TREE",0.0351870264
"STEESE","31_0",0,"PIME",2.778125,50,"IND",1,1,"TREE",0.0420938548242188
"STEESE","31_0",0,"PIME",3.01625,75,"IND",1,1,"TREE",0.049619205196875
"STEESE","31_0",0,"PIME",4.445,90,"IND",1,1,"TREE",0.10776026835
"STEESE","31_0",0,"PIME",8.5725,80,"IND",1,1,"TREE",0.4008022225875
"STEESE","31_0",0,"PIME",4.28625,75,"IND",1,1,"TREE",0.100200555646875
"STEESE","31_0",0,"PIME",7.699375,10,"IND",1,1,"TREE",0.323315167380469
"STEESE","31_0",0,"PIME",4.048125,70,"IND",1,1,"TREE",0.0893764215492187
"STEESE","31_0",0,"PIME",3.889375,80,"IND",1,1,"TREE",0.0825039554554687
"STEESE","31_0",0,"PIME",8.810625,50,"IND",1,1,"TREE",0.423378273705469
"STEESE","31_0",0,"PIME",9.128125,100,"IND",1,1,"TREE",0.454441820449219
"STEESE","31_0",0,"PIME",5.715,75,"IND",1,1,"TREE",0.17813432115
"STEESE","31_0",0,"PIME",6.0325,90,"IND",1,1,"TREE",0.1984768207875
"STEESE","31_0",0,"PIME",5.3975,95,"IND",1,1,"TREE",0.1588914160875
"STEESE","31_0",0,"PIME",4.841875,25,"IND",1,1,"TREE",0.127862231674219
"STEESE","31_0",0,"PIME",6.985,90,"IND",1,1,"TREE",0.26610188715
"STEESE","31_0",0,"PIME",9.525,5,"IND",1,1,"TREE",0.49481755875
"STEESE","31_0",0,"PIME",3.4925,90,"IND",1,1,"TREE",0.0665254717875
"STEESE","31_0",0,"PIME",3.65125,90,"IND",1,1,"TREE",0.072710691271875
"STEESE","6_0",0,"PIME",3.175,100,"IND",1,1,"TREE",0.05497972875
"STEESE","6_0",0,"PIME",2.619375,90,"IND",1,1,"TREE",0.0374205778804687
"STEESE","6_0",0,"PIME",6.985,90,"IND",1,1,"TREE",0.26610188715
"STEESE","6_0",0,"PIME",6.111875,90,"IND",1,1,"TREE",0.203734257349219
"STEESE","6_0",0,"PIME",2.619375,90,"IND",1,1,"TREE",0.0374205778804687
"STEESE","6_0",0,"PIME",6.429375,90,"IND",1,1,"TREE",0.225451250205469
"STEESE","6_0",0,"PIME",5.000625,95,"IND",1,1,"TREE",0.136384089630469
"STEESE","6_0",0,"PIME",6.985,95,"IND",1,1,"TREE",0.26610188715
"STEESE","6_0",0,"PIME",5.08,80,"IND",1,1,"TREE",0.1407481056
"STEESE","6_0",0,"PIME",3.571875,60,"IND",1,1,"TREE",0.0695837191992187
"STEESE","6_0",0,"PIME",5.3975,95,"IND",1,1,"TREE",0.1588914160875
"STEESE","6_0",0,"PIME",5.23875,90,"IND",1,1,"TREE",0.149682311521875
"STEESE","6_0",0,"PIME",3.095625,90,"IND",1,1,"TREE",0.0522651046429688
"STEESE","6_0",0,"PIME",2.8575,95,"IND",1,1,"TREE",0.0445335802875
"STEESE","6_0",0,"PIME",5.794375,95,"IND",1,1,"TREE",0.183116859067969
"STEESE","6_0",0,"PIME",6.50875,95,"IND",1,1,"TREE",0.231052310071875
"STEESE","6_0",0,"PIME",3.889375,60,"IND",1,1,"TREE",0.0825039554554687
"STEESE","6_0",0,"PIME",5.159375,50,"IND",1,1,"TREE",0.145180846230469
"STEESE","6_0",0,"PIME",2.69875,40,"IND",1,1,"TREE",0.039722854021875
"STEESE","6_0",0,"PIME",5.159375,65,"IND",1,1,"TREE",0.145180846230469
"STEESE","6_0",0,"PIME",7.699375,70,"IND",1,1,"TREE",0.323315167380469
"STEESE","6_0",0,"PIME",9.4,90,"IND",1,1,"TREE",0.48191544
"STEESE","6_0",0,"PIME",7.5,95,"IND",1,1,"TREE",0.3067875
"STEESE","6_0",0,"PIME",4.206875,95,"IND",1,1,"TREE",0.0965237862867188
"STEESE","6_0",0,"PIME",5.953125,75,"IND",1,1,"TREE",0.193288108886719
"STEESE","6_0",0,"PIME",5.715,70,"IND",1,1,"TREE",0.17813432115
"STEESE","6_0",0,"PIME",9.8,75,"IND",1,1,"TREE",0.52380216
"STEESE","6_0",0,"PIME",7.8,80,"IND",1,1,"TREE",0.33182136
"STEESE","6_0",0,"PIME",3.889375,95,"IND",1,1,"TREE",0.0825039554554687
"STEESE","6_0",0,"PIME",10.3,90,"IND",1,1,"TREE",0.57861486
"STEESE","6_0",0,"PIME",10.8,95,"IND",1,1,"TREE",0.63615456
"STEESE","6_0",0,"PIME",5.159375,95,"IND",1,1,"TREE",0.145180846230469
"STEESE","6_0",0,"PIME",2.8575,90,"IND",1,1,"TREE",0.0445335802875
"STEESE","6_0",0,"PIME",2.619375,85,"IND",1,1,"TREE",0.0374205778804687
"STEESE","6_0",0,"PIME",5.318125,95,"IND",1,1,"TREE",0.154252501474219
"STEESE","6_0",0,"PIME",3.095625,95,"IND",1,1,"TREE",0.0522651046429688
"STEESE","6_0",0,"PIME",6.4,90,"IND",1,1,"TREE",0.22339584
"STEESE","6_0",0,"PIME",7.9,90,"IND",1,1,"TREE",0.34038414
"STEESE","6_0",0,"PIME",7,70,"IND",1,1,"TREE",0.267246
"STEESE","6_0",0,"PIME",2.69875,95,"IND",1,1,"TREE",0.039722854021875
"STEESE","6_0",0,"PIME",6.4,95,"IND",1,1,"TREE",0.22339584
"STEESE","6_0",0,"PIME",2.778125,95,"IND",1,1,"TREE",0.0420938548242188
"STEESE","6_0",0,"PIME",3.33375,90,"IND",1,1,"TREE",0.060615150946875
"STEESE","6_0",0,"PIME",3.730625,90,"IND",1,1,"TREE",0.0759063880054687
"STEESE","6_0",0,"PIME",8.2,95,"IND",1,1,"TREE",0.36672696
"STEESE","6_0",0,"PIME",3.254375,95,"IND",1,1,"TREE",0.0577630775179687
"STEESE","6_0",0,"PIME",4.1275,95,"IND",1,1,"TREE",0.0929157415875
"STEESE","6_0",0,"PIME",4.445,90,"IND",1,1,"TREE",0.10776026835
"STEESE","6_0",0,"PIME",8.8,85,"IND",1,1,"TREE",0.42235776
"STEESE","6_0",0,"PIME",8.6,80,"IND",1,1,"TREE",0.40337784
"STEESE","6_0",0,"PIME",2.69875,95,"IND",1,1,"TREE",0.039722854021875
"STEESE","6_0",0,"PIME",8.4,90,"IND",1,1,"TREE",0.38483424
"STEESE","6_0",0,"PIME",9.7,70,"IND",1,1,"TREE",0.51316686
"STEESE","6_0",0,"PIME",2.936875,90,"IND",1,1,"TREE",0.0470420304117187
"STEESE","6_0",0,"PIME",7.46125,70,"CLUMP",2,1,"TREE",0.303625552021875
"STEESE","6_0",0,"PIME",3.095625,95,"IND",1,1,"TREE",0.0522651046429688
"STEESE","6_0",0,"PIME",3.889375,95,"IND",1,1,"TREE",0.0825039554554687
"STEESE","6_0",0,"PIME",3.4925,95,"IND",1,1,"TREE",0.0665254717875
"STEESE","6_0",0,"SALIX",5.159375,80,"IND",1,1,"TREE",0.145180846230469
"STEESE","6_0",0,"PIME",10.1,70,"IND",1,1,"TREE",0.55636254
"STEESE","9_0",0,"PIME",6.82625,30,"IND",1,1,"TREE",0.254143796146875
"STEESE","9_0",0,"PIME",5.08,10,"IND",1,1,"TREE",0.1407481056
"STEESE","9_0",0,"PIME",6.985,5,"IND",1,1,"TREE",0.26610188715
"STEESE","9_0",0,"PIME",4.92125,10,"IND",1,1,"TREE",0.132088798321875
"STEESE","9_0",0,"PIME",3.81,5,"IND",1,1,"TREE",0.0791708094
"STEESE","9_0",0,"PIME",3.175,10,"IND",1,1,"TREE",0.05497972875
"STEESE","9_0",0,"PIME",2.69875,80,"IND",1,1,"TREE",0.039722854021875
"STEESE","9_0",0,"PIME",9.4,50,"IND",1,1,"TREE",0.48191544
"STEESE","9_0",0,"PIME",7.6,60,"IND",1,1,"TREE",0.31502304
"STEESE","9_0",0,"PIME",2.778125,90,"IND",1,1,"TREE",0.0420938548242188
"STEESE","9_0",0,"PIME",5.000625,90,"IND",1,1,"TREE",0.136384089630469
"STEESE","9_0",0,"PIME",5.318125,90,"IND",1,1,"TREE",0.154252501474219
"STEESE","9_0",0,"PIME",3.81,90,"IND",1,1,"TREE",0.0791708094
"STEESE","9_0",0,"PIME",5.3975,95,"IND",1,1,"TREE",0.1588914160875
"STEESE","9_0",0,"PIME",4.445,90,"IND",1,1,"TREE",0.10776026835
"STEESE","9_0",0,"PIME",3.175,90,"IND",1,1,"TREE",0.05497972875
"STEESE","9_0",0,"PIME",9.9,80,"IND",1,1,"TREE",0.53454654
"STEESE","9_0",0,"PIME",4.445,95,"IND",1,1,"TREE",0.10776026835
"STEESE","9_0",0,"PIME",3.4925,80,"IND",1,1,"TREE",0.0665254717875
"STEESE","9_0",0,"SALIX",2.936875,10,"IND",1,1,"TREE",0.0470420304117187
"STEESE","9_0",0,"PIME",4.445,95,"IND",1,1,"TREE",0.10776026835
"STEESE","9_0",0,"PIME",7.8,60,"IND",1,1,"TREE",0.33182136
"STEESE","9_0",0,"PIME",2.8575,95,"IND",1,1,"TREE",0.0445335802875
"STEESE","9_0",0,"PIME",2.8575,90,"IND",1,1,"TREE",0.0445335802875
"STEESE","9_0",0,"PIME",5.476875,75,"IND",1,1,"TREE",0.163599055361719
"STEESE","9_0",0,"PIME",3.01625,95,"IND",1,1,"TREE",0.049619205196875
"STEESE","9_0",0,"PIME",4.445,90,"IND",1,1,"TREE",0.10776026835
"STEESE","9_0",0,"PIME",4.365625,95,"IND",1,1,"TREE",0.103946049667969
"STEESE","9_0",0,"PIME",7.3,5,"IND",1,1,"TREE",0.29064366
"STEESE","9_0",0,"PIME",4.28625,95,"IND",1,1,"TREE",0.100200555646875
"STEESE","9_0",0,"PIME",5.08,95,"IND",1,1,"TREE",0.1407481056
"STEESE","9_0",0,"PIME",5.08,90,"IND",1,1,"TREE",0.1407481056
"STEESE","9_0",0,"PIME",7.8,75,"IND",1,1,"TREE",0.33182136
"STEESE","9_0",0,"PIME",6.35,95,"IND",1,1,"TREE",0.219918915
"STEESE","9_0",0,"PIME",3.81,90,"IND",1,1,"TREE",0.0791708094
"STEESE","9_0",0,"PIME",3.81,95,"IND",1,1,"TREE",0.0791708094
"STEESE","9_0",0,"PIME",5.08,80,"IND",1,1,"TREE",0.1407481056
"STEESE","9_0",0,"PIME",6.35,95,"IND",1,1,"TREE",0.219918915
"STEESE","9_0",0,"PIME",6.985,95,"IND",1,1,"TREE",0.26610188715
"STEESE","9_0",0,"PIME",5.715,50,"IND",1,1,"TREE",0.17813432115
"STEESE","9_0",0,"PIME",4.445,95,"IND",1,1,"TREE",0.10776026835
"STEESE","9_0",0,"PIME",4.445,80,"IND",1,1,"TREE",0.10776026835
"STEESE","9_0",0,"PIME",5.08,50,"IND",1,1,"TREE",0.1407481056
"STEESE","9_0",0,"PIME",3.095625,80,"IND",1,1,"TREE",0.0522651046429688
"STEESE","9_0",0,"PIME",5.159375,90,"IND",1,1,"TREE",0.145180846230469
"STEESE","9_0",0,"PIME",5.3975,15,"IND",1,1,"TREE",0.1588914160875
"STEESE","9_0",0,"PIME",5.3975,50,"IND",1,1,"TREE",0.1588914160875
"STEESE","9_0",0,"PIME",4.92125,25,"IND",1,1,"TREE",0.132088798321875
"STEESE","9_0",0,"PIME",6.6675,95,"IND",1,1,"TREE",0.2424606037875
"STEESE","9_0",0,"PIME",9.4,95,"IND",1,1,"TREE",0.48191544
"STEESE","9_0",0,"PIME",2.54,95,"IND",1,1,"TREE",0.0351870264
"STEESE","9_0",0,"PIME",6.0325,60,"IND",1,1,"TREE",0.1984768207875
"STEESE","9_0",0,"PIME",7.540625,95,"IND",1,1,"TREE",0.310120032480469
"STEESE","9_0",0,"PIME",3.81,75,"IND",1,1,"TREE",0.0791708094
"STEESE","9_0",0,"PIME",5.635625,80,"IND",1,1,"TREE",0.173220507892969
"STEESE","9_0",0,"PIME",5.159375,80,"IND",1,1,"TREE",0.145180846230469
"STEESE","9_0",0,"PIME",4.28625,90,"IND",1,1,"TREE",0.100200555646875
"STEESE","9_0",0,"PIME",7.1,95,"IND",1,1,"TREE",0.27493614
"STEESE","9_0",0,"PIME",8.2,60,"IND",1,1,"TREE",0.36672696
"STEESE","9_0",0,"PIME",10.4,75,"IND",1,1,"TREE",0.58990464
"STEESE","9_0",0,"PIME",7.4,60,"IND",1,1,"TREE",0.29866104
"STEESE","9_0",0,"PIME",4.1275,85,"IND",1,1,"TREE",0.0929157415875
"STEESE","9_0",0,"PIME",8.3,90,"IND",1,1,"TREE",0.37572606
"STEESE","9_0",0,"PIME",7.7,75,"IND",1,1,"TREE",0.32336766
"STEESE","9_0",0,"PIME",5.715,60,"IND",1,1,"TREE",0.17813432115
"STEESE","9_0",0,"PIME",3.730625,95,"IND",1,1,"TREE",0.0759063880054687
"STEESE","9_0",0,"PIME",4.7625,75,"IND",1,1,"TREE",0.1237043896875
"STEESE","9_0",0,"PIME",4.92125,80,"IND",1,1,"TREE",0.132088798321875
"STEESE","9_0",0,"PIME",5.318125,80,"IND",1,1,"TREE",0.154252501474219
"STEESE","9_0",0,"PIME",3.571875,80,"IND",1,1,"TREE",0.0695837191992187
"STEESE","9_0",0,"PIME",7.4,60,"IND",1,1,"TREE",0.29866104
"STEESE","9_0",0,"PIME",9.1,80,"IND",1,1,"TREE",0.45164574
"STEESE","9_0",0,"PIME",2.54,80,"IND",1,1,"TREE",0.0351870264
"STEESE","9_0",0,"PIME",2.778125,90,"IND",1,1,"TREE",0.0420938548242188
"STEESE","9_0",0,"PIME",6.0325,95,"IND",1,1,"TREE",0.1984768207875
"STEESE","9_0",0,"PIME",5.476875,90,"IND",1,1,"TREE",0.163599055361719
"STEESE","9_0",0,"PIME",7.7,90,"IND",1,1,"TREE",0.32336766
"STEESE","9_0",0,"PIME",7.8,90,"IND",1,1,"TREE",0.33182136
"STEESE","9_0",0,"PIME",5.794375,90,"IND",1,1,"TREE",0.183116859067969
"STEESE","9_0",0,"PIME",10.1,90,"IND",1,1,"TREE",0.55636254
"STEESE","9_0",0,"PIME",4.683125,75,"IND",1,1,"TREE",0.119615272361719
"STEESE","9_0",0,"PIME",4.445,90,"IND",1,1,"TREE",0.10776026835
